,PassengerId,Survived,Age,SibSp,Parch,Fare,Cabin_No,Cabin_Yes,Embarked_C,Embarked_Q,Embarked_S,Sex_female,Sex_male,Pclass_1,Pclass_2,Pclass_3
0,1,0,-0.5610649643650664,1,0,-0.5021631365156053,1,0,0,0,1,0,1,0,0,1
1,2,1,0.6128265650985096,1,0,0.7864036178345383,0,1,1,0,0,1,0,1,0,0
2,3,1,-0.2675920819991724,0,0,-0.48857985158126105,1,0,0,0,1,1,0,0,0,1
3,4,1,0.3927219033240891,1,0,0.4204940697654092,0,1,0,0,1,1,0,1,0,0
4,5,0,0.3927219033240891,0,0,-0.48606442844527137,1,0,0,0,1,0,1,0,0,1
5,6,0,-0.4261442853720312,0,0,-0.4778480503138746,1,0,0,1,0,0,1,0,0,1
6,7,0,1.7867180945620855,0,0,0.3955913807191113,0,1,0,0,1,0,1,1,0,0
7,8,0,-2.0284293761945364,3,1,-0.22395733767514675,1,0,0,0,1,0,1,0,0,1
8,9,1,-0.19422386140769887,0,2,-0.42401799520369554,1,0,0,0,1,1,0,0,0,1
9,10,1,-1.1480107290968544,1,0,-0.04293139010125909,1,0,1,0,0,1,0,0,1,0
10,11,1,-1.8816929350115894,1,1,-0.3119971474347855,0,1,0,0,1,1,0,0,0,1
11,12,1,2.0801909769279794,0,0,-0.11378180431879875,0,1,0,0,1,1,0,1,0,0
12,13,0,-0.7078014055480134,0,0,-0.48606442844527137,1,0,0,0,1,0,1,0,0,1
13,14,0,0.686194785689983,1,5,-0.01869880977838891,1,0,0,0,1,0,1,0,0,1
14,15,0,-1.1480107290968544,0,0,-0.4900045872454856,1,0,0,0,1,1,0,0,0,1
15,16,1,1.8600863151535592,0,0,-0.32608351699632776,1,0,0,0,1,1,0,0,1,0
16,17,0,-2.0284293761945364,4,1,-0.061964087717411374,1,0,0,1,0,0,1,0,0,1
17,18,1,0.17749571831438604,0,0,-0.38645367226008004,1,0,0,0,1,0,1,0,1,0
18,19,0,0.09924902095819511,1,0,-0.28583674682049287,1,0,0,0,1,1,0,0,0,1
19,20,1,-0.00946763104897994,0,0,-0.5026662211428032,1,0,1,0,0,1,0,0,0,1
20,21,0,0.3927219033240891,0,0,-0.12484966611715337,1,0,0,0,1,0,1,0,1,0
21,22,1,0.3193536827326156,0,0,-0.38645367226008004,0,1,0,0,1,0,1,0,1,0
22,23,1,-1.0746425085053808,0,0,-0.48648299485510005,1,0,0,1,0,1,0,0,0,1
23,24,1,-0.12085564081622538,0,0,0.06632249221806229,0,1,0,0,1,0,1,1,0,0
24,25,0,-1.5882200526456953,3,1,-0.22395733767514675,1,0,0,0,1,1,0,0,0,1
25,26,1,0.6128265650985096,1,5,-0.016434928955998185,1,0,0,0,1,1,0,0,0,1
26,27,0,-0.00946763104897994,0,0,-0.5026662211428032,1,0,1,0,0,0,1,0,0,1
27,28,0,-0.7811696261394868,3,2,4.644392599719279,0,1,0,0,1,0,1,1,0,0
28,29,1,-0.5331767324090839,0,0,-0.4895015026182876,1,0,0,1,0,1,0,0,0,1
29,30,0,-0.12472903070018583,0,0,-0.4891674544258282,1,0,0,0,1,0,1,0,0,1
30,31,0,0.7595630062814566,0,0,-0.09022134505786503,1,0,1,0,0,0,1,1,0,0
31,32,1,0.47401742971808075,1,0,2.300436803386727,0,1,1,0,0,1,0,1,0,0
32,33,1,0.41442600575116434,0,0,-0.49210144397164657,1,0,0,1,0,1,0,0,0,1
33,34,0,2.667136741659768,0,0,-0.43676213497987365,1,0,0,0,1,0,1,0,1,0
34,35,0,-0.12085564081622538,1,0,1.0054969729792393,1,0,1,0,0,0,1,1,0,0
35,36,0,0.9062994474644036,1,0,0.39835834616870003,1,0,0,0,1,0,1,1,0,0
36,37,1,-0.4967718892162386,0,0,-0.502581702925434,1,0,1,0,0,0,1,0,0,1
37,38,0,-0.6344331849565399,0,0,-0.48606442844527137,1,0,0,0,1,0,1,0,0,1
38,39,0,-0.8545378467309603,2,0,-0.28583674682049287,1,0,0,0,1,1,0,0,0,1
39,40,1,-1.1480107290968544,1,0,-0.4218366202601652,1,0,1,0,0,1,0,0,0,1
40,41,0,0.7595630062814566,1,0,-0.457388604694989,1,0,0,0,1,1,0,0,0,1
41,42,0,-0.19422386140769887,1,0,-0.22546659155674054,1,0,0,0,1,1,0,0,1,0
42,43,0,-0.12472903070018583,0,0,-0.4891674544258282,1,0,1,0,0,0,1,0,0,1
43,44,1,-1.9550611556030628,1,2,0.18865657484452997,1,0,1,0,0,1,0,0,1,0
44,45,1,-0.7811696261394868,0,0,-0.4895015026182876,1,0,0,1,0,1,0,0,0,1
45,46,0,0.07765871838555102,0,0,-0.48606442844527137,1,0,0,0,1,0,1,0,0,1
46,47,0,0.25544888801239435,1,0,-0.3361452095402864,1,0,0,1,0,0,1,0,0,1
47,48,1,0.41442600575116434,0,0,-0.49210144397164657,1,0,0,1,0,1,0,0,0,1
48,49,0,-0.453970595571369,2,0,-0.211798788405027,1,0,1,0,0,0,1,0,0,1
49,50,0,-0.8545378467309603,1,0,-0.28986142383807634,1,0,0,0,1,1,0,0,0,1
50,51,0,-1.661588273237169,4,1,0.15058916727371655,1,0,0,0,1,0,1,0,0,1
51,52,0,-0.6344331849565399,0,0,-0.49109527471725073,1,0,0,0,1,0,1,0,0,1
52,53,1,1.419876991604718,1,0,0.895993560684828,0,1,1,0,0,1,0,1,0,0
53,54,1,-0.047487420224751886,1,0,-0.12484966611715337,1,0,0,0,1,1,0,0,1,0
54,55,0,2.593768521068294,0,1,0.5991736306380456,0,1,1,0,0,0,1,1,0,0
55,56,1,1.0577923765912305,0,0,0.06632249221806229,0,1,0,0,1,0,1,1,0,0
56,57,1,-0.6344331849565399,0,0,-0.43676213497987365,1,0,0,0,1,1,0,0,1,0
57,58,0,-0.08417153052048863,0,0,-0.502581702925434,1,0,1,0,0,0,1,0,0,1
58,59,1,-1.8083247144201158,1,2,-0.08963374221329785,1,0,0,0,1,1,0,0,1,0
59,60,0,-1.3681153908712749,5,2,0.29572908222032107,1,0,0,0,1,0,1,0,0,1
60,61,0,-0.5610649643650664,0,0,-0.502581702925434,1,0,1,0,0,0,1,0,0,1
61,62,1,0.6128265650985096,0,0,0.9618131286303883,0,1,0,0,0,1,0,1,0,0
62,63,0,1.1264041092388242,1,0,1.0317418918109011,0,1,0,0,1,0,1,1,0,0
63,64,0,-1.8816929350115894,3,2,-0.08661523445011025,1,0,0,0,1,0,1,0,0,1
64,65,0,0.8476113624381322,0,0,-0.09022134505786503,1,0,1,0,0,0,1,1,0,0
65,66,1,-0.9205754116875409,1,1,-0.34126057402963506,1,0,1,0,0,0,1,0,0,1
66,67,1,-0.047487420224751886,0,0,-0.43676213497987365,0,1,0,0,1,1,0,0,1,0
67,68,0,-0.7811696261394868,0,0,-0.4838850658402499,1,0,0,0,1,0,1,0,0,1
68,69,1,-0.9279060673224339,4,2,-0.48857985158126105,1,0,0,0,1,1,0,0,0,1
69,70,0,-0.2675920819991724,2,0,-0.4737388550789219,1,0,0,0,1,0,1,0,0,1
70,71,0,0.17261724154966862,0,0,-0.43676213497987365,1,0,0,0,1,0,1,0,1,0
71,72,0,-1.0012742879139074,5,2,0.29572908222032107,1,0,0,0,1,1,0,0,0,1
72,73,0,-0.6344331849565399,0,0,0.8310111255589249,1,0,0,0,1,0,1,0,1,0
73,74,0,-0.2675920819991724,1,0,-0.3571902456652305,1,0,1,0,0,0,1,0,0,1
74,75,1,0.17261724154966862,0,0,0.48882906084695926,1,0,0,0,1,0,1,0,0,1
75,76,0,-0.34096030259064586,0,0,-0.49411378248043836,0,1,0,0,1,0,1,0,0,1
76,77,0,-0.12472903070018583,0,0,-0.4891674544258282,1,0,0,0,1,0,1,0,0,1
77,78,0,0.07765871838555102,0,0,-0.48606442844527137,1,0,0,0,1,0,1,0,0,1
78,79,1,-2.1142701942865605,0,2,-0.06447951085340105,1,0,0,0,1,0,1,0,1,0
79,80,1,0.025880800366721614,0,0,-0.39701844943123665,1,0,0,0,1,1,0,0,0,1
80,81,0,-0.5610649643650664,0,0,-0.4669472126117498,1,0,0,0,1,0,1,0,0,1
81,82,1,-0.047487420224751886,0,0,-0.4568855200677911,1,0,0,0,1,0,1,0,0,1
82,83,1,-0.46402614635913547,0,0,-0.49134681703084965,1,0,0,1,0,1,0,0,0,1
83,84,0,-0.12085564081622538,0,0,0.2997537592379046,1,0,0,0,1,0,1,1,0,0
84,85,1,-0.9279060673224339,0,0,-0.43676213497987365,1,0,0,0,1,1,0,0,1,0
85,86,1,0.2459854621411421,3,0,-0.32910202475951533,1,0,0,0,1,1,0,0,0,1
86,87,0,-1.0012742879139074,1,3,0.043683683994155176,1,0,0,0,1,0,1,0,0,1
87,88,0,0.07765871838555102,0,0,-0.48606442844527137,1,0,0,0,1,0,1,0,0,1
88,89,1,-0.4876967437735929,3,2,4.644392599719279,0,1,0,0,1,1,0,1,0,0
89,90,0,-0.4143285231821194,0,0,-0.48606442844527137,1,0,0,0,1,0,1,0,0,1
90,91,0,-0.047487420224751886,0,0,-0.48606442844527137,1,0,0,0,1,0,1,0,0,1
91,92,0,-0.7078014055480134,0,0,-0.4900045872454856,1,0,0,0,1,0,1,0,0,1
92,93,0,1.1997723298302976,1,0,0.5829904043503424,0,1,0,0,1,0,1,1,0,0
93,94,0,-0.2675920819991724,1,2,-0.23401903021910547,1,0,0,0,1,0,1,0,0,1
94,95,0,2.1535591975194532,0,0,-0.5021631365156053,1,0,0,0,1,0,1,0,0,1
95,96,0,0.07765871838555102,0,0,-0.48606442844527137,1,0,0,0,1,0,1,0,0,1
96,97,0,3.0339778446171355,0,0,0.04930213311070178,0,1,1,0,0,0,1,1,0,0
97,98,1,-0.4876967437735929,0,1,0.6269257910127927,0,1,1,0,0,0,1,1,0,0
98,99,1,0.3193536827326156,0,1,-0.18521982138090567,1,0,0,0,1,1,0,0,1,0
99,100,0,0.3193536827326156,1,0,-0.12484966611715337,1,0,0,0,1,0,1,0,1,0
100,101,0,-0.12085564081622538,0,0,-0.4891674544258282,1,0,0,0,1,1,0,0,0,1
101,102,0,-0.12472903070018583,0,0,-0.4891674544258282,1,0,0,0,1,0,1,0,0,1
102,103,0,-0.6344331849565399,0,1,0.907228446579412,0,1,0,0,1,0,1,1,0,0
103,104,0,0.2459854621411421,0,0,-0.47390587917515165,1,0,0,0,1,0,1,0,0,1
104,105,0,0.5394583445070361,2,0,-0.48857985158126105,1,0,0,0,1,0,1,0,0,1
105,106,0,-0.12085564081622538,0,0,-0.4891674544258282,1,0,0,0,1,0,1,0,0,1
106,107,1,-0.6344331849565399,0,0,-0.49411378248043836,1,0,0,0,1,1,0,0,0,1
107,108,1,-0.1564058993460195,0,0,-0.4915983593444487,1,0,0,0,1,0,1,0,0,1
108,109,0,0.6128265650985096,0,0,-0.4891674544258282,1,0,0,0,1,0,1,0,0,1
109,110,1,0.28642425781564607,1,0,-0.16207792852980066,1,0,0,1,0,1,0,0,0,1
110,111,0,1.273140550421771,0,0,0.39835834616870003,0,1,0,0,1,0,1,1,0,0
111,112,0,-1.1113266188011177,1,0,-0.3571902456652305,1,0,1,0,0,1,0,0,0,1
112,113,0,-0.5610649643650664,0,0,-0.48606442844527137,1,0,0,0,1,0,1,0,0,1
113,114,0,-0.7078014055480134,1,0,-0.45034541991421795,1,0,0,0,1,1,0,0,0,1
114,115,0,-0.9279060673224339,0,0,-0.35710773978637,1,0,1,0,0,1,0,0,0,1
115,116,0,-0.6344331849565399,0,0,-0.48857985158126105,1,0,0,0,1,0,1,0,0,1
116,117,0,2.9972937343213983,0,0,-0.49210144397164657,1,0,0,1,0,0,1,0,0,1
117,118,0,-0.047487420224751886,1,0,-0.22546659155674054,1,0,0,0,1,0,1,0,1,0
118,119,0,-0.4143285231821194,0,1,4.332898697266388,0,1,1,0,0,0,1,1,0,0
119,120,0,-2.0284293761945364,4,2,-0.01869880977838891,1,0,0,0,1,1,0,0,0,1
120,121,0,-0.6344331849565399,2,0,0.8310111255589249,1,0,0,0,1,0,1,0,1,0
121,122,0,0.07765871838555102,0,0,-0.48606442844527137,1,0,0,0,1,0,1,0,0,1
122,123,0,0.20930135184540535,1,0,-0.04293139010125909,1,0,1,0,0,0,1,0,1,0
123,124,1,0.20930135184540535,0,0,-0.38645367226008004,0,1,0,0,1,1,0,0,1,0
124,125,0,1.7867180945620855,0,1,0.907228446579412,0,1,0,0,1,0,1,1,0,0
125,126,1,-1.2947471702798015,1,0,-0.4218366202601652,1,0,1,0,0,0,1,0,0,1
126,127,0,0.41442600575116434,0,0,-0.49210144397164657,1,0,0,1,0,0,1,0,0,1
127,128,1,-0.4143285231821194,0,0,-0.5043424991206268,1,0,0,0,1,0,1,0,0,1
128,129,1,-0.28348532721293374,1,1,-0.1981329975918223,0,1,1,0,0,1,0,0,0,1
129,130,0,1.1264041092388242,0,0,-0.5076970674147826,1,0,0,0,1,0,1,0,0,1
130,131,0,0.2459854621411421,0,0,-0.4891674544258282,1,0,1,0,0,0,1,0,0,1
131,132,0,-0.7078014055480134,0,0,-0.5061878135331888,1,0,0,0,1,0,1,0,0,1
132,133,0,1.273140550421771,1,0,-0.35626859462820387,1,0,0,0,1,1,0,0,0,1
133,134,1,-0.047487420224751886,1,0,-0.12484966611715337,1,0,0,0,1,1,0,0,1,0
134,135,0,-0.34096030259064586,0,0,-0.38645367226008004,1,0,0,0,1,0,1,0,1,0
135,136,0,-0.4876967437735929,0,0,-0.3452852510472186,1,0,1,0,0,0,1,0,1,0
136,137,1,-0.7811696261394868,0,2,-0.11914871112174634,0,1,0,0,1,1,0,1,0,0
137,138,0,0.5394583445070361,1,0,0.4204940697654092,0,1,0,0,1,0,1,1,0,0
138,139,0,-1.0012742879139074,0,0,-0.4625864750631981,1,0,0,0,1,0,1,0,0,1
139,140,0,-0.4143285231821194,0,0,0.9457144205600544,0,1,1,0,0,0,1,1,0,0
140,141,0,-0.3157146035860389,0,2,-0.34126057402963506,1,0,1,0,0,1,0,0,0,1
141,142,1,-0.5610649643650664,0,0,-0.49210144397164657,1,0,0,0,1,1,0,0,0,1
142,143,1,-0.4143285231821194,1,0,-0.32910202475951533,1,0,0,0,1,1,0,0,0,1
143,144,0,-0.7811696261394868,0,0,-0.512224829059564,1,0,0,1,0,0,1,0,0,1
144,145,0,-0.8545378467309603,0,0,-0.4166387498919562,1,0,0,0,1,0,1,0,1,0
145,146,0,-0.7811696261394868,1,1,0.0914767235779591,1,0,0,0,1,0,1,0,1,0
146,147,1,-0.19422386140769887,0,0,-0.49117979293462,1,0,0,0,1,0,1,0,0,1
147,148,0,-1.514851832054222,2,2,0.043683683994155176,1,0,0,0,1,1,0,0,0,1
148,149,0,0.5027742342112993,0,2,-0.12484966611715337,0,1,0,0,1,0,1,0,1,0
149,150,0,0.9062994474644036,0,0,-0.38645367226008004,1,0,0,0,1,0,1,0,1,0
150,151,0,1.566613432787665,0,0,-0.39601228017684087,1,0,0,0,1,0,1,0,1,0
151,152,1,-0.5610649643650664,1,0,0.6921597684522944,0,1,0,0,1,1,0,1,0,0
152,153,0,1.8967704254492959,0,0,-0.48606442844527137,1,0,0,0,1,0,1,0,0,1
153,154,0,0.7962471165771934,0,2,-0.35626859462820387,1,0,0,0,1,0,1,0,0,1
154,155,0,0.009944938904568934,0,0,-0.5009054249476105,1,0,0,0,1,0,1,0,0,1
155,156,0,1.566613432787665,0,1,0.5870995995852952,1,0,1,0,0,0,1,1,0,0
156,157,1,-1.0012742879139074,0,0,-0.4924375045026148,1,0,0,1,0,1,0,0,0,1
157,158,0,0.025880800366721614,0,0,-0.48606442844527137,1,0,0,0,1,0,1,0,0,1
158,159,0,-0.3025591306063849,0,0,-0.4737388550789219,1,0,0,0,1,0,1,0,0,1
159,160,0,-1.3776630207016896,8,2,0.751523754461651,1,0,0,0,1,0,1,0,0,1
160,161,0,1.0530358886473505,0,1,-0.32407117848753597,1,0,0,0,1,0,1,0,0,1
161,162,1,0.7595630062814566,0,0,-0.33111436326830707,1,0,0,0,1,1,0,0,1,0
162,163,0,-0.2675920819991724,0,0,-0.4915983593444487,1,0,0,0,1,0,1,0,0,1
163,164,0,-0.9279060673224339,0,0,-0.4737388550789219,1,0,0,0,1,0,1,0,0,1
164,165,0,-2.10179759678601,4,1,0.15058916727371655,1,0,0,0,1,0,1,0,0,1
165,166,1,-1.514851832054222,0,2,-0.23502519947350137,1,0,0,0,1,0,1,0,0,1
166,167,1,-0.2652529459091015,0,1,0.4587285014324523,0,1,0,0,1,1,0,1,0,0
167,168,0,1.1264041092388242,1,4,-0.08661523445011025,1,0,0,0,1,1,0,0,0,1
168,169,0,1.4605432057446155,0,0,-0.12635891999874715,1,0,0,0,1,0,1,1,0,0
169,170,0,-0.12085564081622538,0,0,0.48882906084695926,1,0,0,0,1,0,1,0,0,1
170,171,0,2.3002956387024,0,0,0.026075722042227415,0,1,0,0,1,0,1,1,0,0
171,172,0,-1.8816929350115894,4,1,-0.061964087717411374,1,0,0,1,0,0,1,0,0,1
172,173,1,-2.10179759678601,1,1,-0.42401799520369554,1,0,0,0,1,1,0,0,0,1
173,174,0,-0.6344331849565399,0,0,-0.48857985158126105,1,0,0,0,1,0,1,0,0,1
174,175,0,1.9334545357450326,0,0,-0.03035427442131069,0,1,1,0,0,0,1,1,0,0
175,176,0,-0.8545378467309603,1,1,-0.4900045872454856,1,0,0,0,1,0,1,0,0,1
176,177,0,-1.6388773575874966,3,1,-0.13558146738453974,1,0,0,0,1,0,1,0,0,1
177,178,0,1.4932452121961917,0,0,-0.07026498406617734,0,1,1,0,0,1,0,1,0,0
178,179,0,0.025880800366721614,0,0,-0.38645367226008004,1,0,0,0,1,0,1,0,1,0
179,180,0,0.4660901239155626,0,0,-0.6480576784030068,1,0,0,0,1,0,1,0,0,1
180,181,0,-1.3776630207016896,8,2,0.751523754461651,1,0,0,0,1,1,0,0,0,1
181,182,0,0.15199640440747691,0,0,-0.3452007328298493,1,0,1,0,0,0,1,0,1,0
182,183,0,-1.514851832054222,4,2,-0.016434928955998185,1,0,0,0,1,0,1,0,0,1
183,184,1,-2.10179759678601,2,1,0.13675434002577333,0,1,0,0,1,0,1,0,1,0
184,185,1,-1.8816929350115894,0,2,-0.2048401218416252,1,0,0,0,1,1,0,0,0,1
185,186,0,1.2180973808608118,0,0,0.35811157599286514,0,1,0,0,1,0,1,1,0,0
186,187,1,0.25544888801239435,1,0,-0.3361452095402864,1,0,0,1,0,1,0,0,0,1
187,188,1,1.1264041092388242,0,0,-0.11378180431879875,1,0,0,0,1,0,1,1,0,0
188,189,0,0.7595630062814566,1,1,-0.3361452095402864,1,0,0,1,0,0,1,0,0,1
189,190,0,0.4660901239155626,0,0,-0.4891674544258282,1,0,0,0,1,0,1,0,0,1
190,191,1,0.17261724154966862,0,0,-0.38645367226008004,1,0,0,0,1,1,0,0,1,0
191,192,0,-0.7811696261394868,0,0,-0.38645367226008004,1,0,0,0,1,0,1,0,1,0
192,193,1,-0.7811696261394868,1,0,-0.4900045872454856,1,0,0,0,1,1,0,0,0,1
193,194,1,-1.9550611556030628,1,1,-0.12484966611715337,0,1,0,0,1,0,1,0,1,0
194,195,1,1.0530358886473505,0,0,-0.09022134505786503,0,1,1,0,0,1,0,1,0,0
195,196,1,2.0801909769279794,0,0,2.300436803386727,0,1,1,0,0,1,0,1,0,0
196,197,0,0.41442600575116434,0,0,-0.49210144397164657,1,0,0,1,0,0,1,0,0,1
197,198,0,0.9062994474644036,0,1,-0.478936725447131,1,0,0,0,1,0,1,0,0,1
198,199,1,0.41442600575116434,0,0,-0.49210144397164657,1,0,0,1,0,1,0,0,0,1
199,200,0,-0.4143285231821194,0,0,-0.38645367226008004,1,0,0,0,1,1,0,0,1,0
200,201,0,-0.12085564081622538,0,0,-0.4568855200677911,1,0,0,0,1,0,1,0,0,1
201,202,0,-1.3776630207016896,8,2,0.751523754461651,1,0,0,0,1,0,1,0,0,1
202,203,0,0.3193536827326156,0,0,-0.5173401935489127,1,0,0,0,1,0,1,0,0,1
203,204,0,1.1630882195345609,0,0,-0.5026662211428032,1,0,1,0,0,0,1,0,0,1
204,205,1,-0.8545378467309603,0,0,-0.48606442844527137,1,0,0,0,1,0,1,0,0,1
205,206,0,-2.0284293761945364,0,1,-0.43751676192067057,0,1,0,0,1,1,0,0,0,1
206,207,0,0.17261724154966862,1,0,-0.32910202475951533,1,0,0,0,1,0,1,0,0,1
207,208,1,-0.2675920819991724,0,0,-0.26998958106375787,1,0,1,0,0,0,1,0,0,1
208,209,1,-1.0012742879139074,0,0,-0.49210144397164657,1,0,0,1,0,1,0,0,0,1
209,210,1,0.7595630062814566,0,0,-0.024232740677566176,0,1,1,0,0,0,1,1,0,0
210,211,0,-0.4143285231821194,0,0,-0.5061878135331888,1,0,0,0,1,0,1,0,0,1
211,212,1,0.3927219033240891,0,0,-0.22546659155674054,1,0,0,0,1,1,0,0,1,0
212,213,0,-0.5610649643650664,0,0,-0.5021631365156053,1,0,0,0,1,0,1,0,0,1
213,214,0,0.025880800366721614,0,0,-0.38645367226008004,1,0,0,0,1,0,1,0,1,0
214,215,0,0.10610380283943516,1,0,-0.49210144397164657,1,0,0,1,0,0,1,0,0,1
215,216,1,0.09924902095819511,1,0,1.6314187674308411,0,1,1,0,0,1,0,1,0,0
216,217,1,-0.19422386140769887,0,0,-0.48857985158126105,1,0,0,0,1,1,0,0,0,1
217,218,0,0.9062994474644036,1,0,-0.10472628102923592,1,0,0,0,1,0,1,0,1,0
218,219,1,0.17261724154966862,0,0,0.8871895797088641,0,1,1,0,0,1,0,1,0,0
219,220,0,0.025880800366721614,0,0,-0.43676213497987365,1,0,0,0,1,0,1,0,1,0
220,221,1,-1.0012742879139074,0,0,-0.48606442844527137,1,0,0,0,1,0,1,0,0,1
221,222,0,-0.19422386140769887,0,0,-0.38645367226008004,1,0,0,0,1,0,1,0,1,0
222,223,0,1.566613432787665,0,0,-0.48606442844527137,1,0,0,0,1,0,1,0,0,1
223,224,0,-0.12472903070018583,0,0,-0.4891674544258282,1,0,0,0,1,0,1,0,0,1
224,225,1,0.6128265650985096,1,0,1.1630469795095626,0,1,0,0,1,0,1,1,0,0
225,226,0,-0.5610649643650664,0,0,-0.45990402783097867,1,0,0,0,1,0,1,0,0,1
226,227,1,-0.7811696261394868,0,0,-0.43676213497987365,1,0,0,0,1,0,1,0,1,0
227,228,0,-0.6711172952522766,0,0,-0.5021631365156053,1,0,0,0,1,0,1,0,0,1
228,229,0,-0.8545378467309603,0,0,-0.38645367226008004,1,0,0,0,1,0,1,0,1,0
229,230,0,-1.6388773575874966,3,1,-0.13558146738453974,1,0,0,0,1,1,0,0,0,1
230,231,1,0.3927219033240891,1,0,1.0317418918109011,0,1,0,0,1,1,0,1,0,0
231,232,0,-0.047487420224751886,0,0,-0.4915983593444487,1,0,0,0,1,0,1,0,0,1
232,233,0,2.1535591975194532,0,0,-0.3763919797161213,1,0,0,0,1,0,1,0,1,0
233,234,1,-1.8083247144201158,4,2,-0.016434928955998185,1,0,0,0,1,1,0,0,0,1
234,235,0,-0.4143285231821194,0,0,-0.43676213497987365,1,0,0,0,1,0,1,0,1,0
235,236,0,0.10720100060975452,0,0,-0.4961261209892301,1,0,0,0,1,1,0,0,0,1
236,237,0,1.0530358886473505,1,0,-0.12484966611715337,1,0,0,0,1,0,1,0,1,0
237,238,1,-1.5882200526456953,0,2,-0.11981881984517401,1,0,0,0,1,1,0,0,1,0
238,239,0,-0.7811696261394868,0,0,-0.43676213497987365,1,0,0,0,1,0,1,0,1,0
239,240,0,0.2459854621411421,0,0,-0.40104312644882023,1,0,0,0,1,0,1,0,1,0
240,241,0,-0.6490955207875867,1,0,-0.3571902456652305,1,0,1,0,0,1,0,0,0,1
241,242,1,0.25544888801239435,1,0,-0.3361452095402864,1,0,0,1,0,1,0,0,0,1
242,243,0,-0.047487420224751886,0,0,-0.43676213497987365,1,0,0,0,1,0,1,0,1,0
243,244,0,-0.5610649643650664,0,0,-0.504678559651595,1,0,0,0,1,0,1,0,0,1
244,245,0,0.025880800366721614,0,0,-0.5026662211428032,1,0,1,0,0,0,1,0,0,1
245,246,0,1.0530358886473505,2,0,1.1630469795095626,0,1,0,1,0,0,1,1,0,0
246,247,0,-0.34096030259064586,0,0,-0.4915983593444487,1,0,0,0,1,1,0,0,0,1
247,248,1,-0.4143285231821194,0,2,-0.35626859462820387,1,0,0,0,1,1,0,0,1,0
248,249,1,0.5394583445070361,1,1,0.40951072618442386,0,1,0,0,1,0,1,1,0,0
249,250,0,1.7867180945620855,1,0,-0.12484966611715337,1,0,0,0,1,0,1,0,1,0
250,251,0,0.009944938904568934,0,0,-0.5021631365156053,1,0,0,0,1,0,1,0,0,1
251,252,0,-0.047487420224751886,1,1,-0.43751676192067057,0,1,0,0,1,1,0,0,0,1
252,253,0,2.373663859293874,0,0,-0.11378180431879875,0,1,0,0,1,0,1,1,0,0
253,254,0,0.025880800366721614,1,0,-0.32407117848753597,1,0,0,0,1,0,1,0,0,1
254,255,0,0.8329312268729301,0,2,-0.24131375731347557,1,0,0,0,1,1,0,0,0,1
255,256,1,-0.047487420224751886,0,2,-0.34126057402963506,1,0,1,0,0,1,0,0,0,1
256,257,1,0.36486294184807117,0,0,0.9457144205600544,1,0,1,0,0,1,0,1,0,0
257,258,1,0.025880800366721614,0,0,1.0926151317018515,0,1,0,0,1,1,0,1,0,0
258,259,1,0.3927219033240891,0,0,9.661740104981664,1,0,1,0,0,1,0,1,0,0
259,260,1,1.4932452121961917,0,1,-0.12484966611715337,1,0,0,0,1,1,0,0,1,0
260,261,0,0.41442600575116434,0,0,-0.49210144397164657,1,0,0,1,0,0,1,0,0,1
261,262,1,-1.9550611556030628,4,2,-0.016434928955998185,1,0,0,0,1,0,1,0,0,1
262,263,0,1.6399816533791385,1,1,0.9547699438496172,0,1,0,0,1,0,1,1,0,0
263,264,0,0.7595630062814566,0,0,-0.6480576784030068,0,1,0,0,1,0,1,1,0,0
264,265,0,0.41442600575116434,0,0,-0.49210144397164657,1,0,0,1,0,1,0,0,0,1
265,266,0,0.4660901239155626,0,0,-0.43676213497987365,1,0,0,0,1,0,1,0,1,0
266,267,0,-1.0012742879139074,4,1,0.15058916727371655,1,0,0,0,1,0,1,0,0,1
267,268,1,-0.34096030259064586,1,0,-0.4915983593444487,1,0,0,0,1,0,1,0,0,1
268,269,1,2.0801909769279794,0,1,2.440127305651523,0,1,0,0,1,1,0,1,0,0
269,270,1,0.3927219033240891,0,0,2.081343448242025,0,1,0,0,1,1,0,1,0,0
270,271,0,0.5302798490963601,0,0,-0.024232740677566176,1,0,0,0,1,0,1,1,0,0
271,272,1,-0.34096030259064586,0,0,-0.6480576784030068,1,0,0,0,1,0,1,0,0,1
272,273,1,0.8329312268729301,0,1,-0.2556516691886167,1,0,0,0,1,1,0,0,1,0
273,274,0,0.5394583445070361,0,1,-0.05039314129185886,0,1,1,0,0,0,1,1,0,0
274,275,1,0.41442600575116434,0,0,-0.49210144397164657,1,0,0,1,0,1,0,0,0,1
275,276,1,2.4470320798853473,1,0,0.9207272132963871,0,1,0,0,1,1,0,1,0,0
276,277,0,1.1264041092388242,0,0,-0.49210144397164657,1,0,0,0,1,1,0,0,0,1
277,278,0,0.39652366612483475,0,0,-0.6480576784030068,1,0,0,0,1,0,1,0,1,0
278,279,0,-1.661588273237169,4,1,-0.061964087717411374,1,0,0,1,0,0,1,0,0,1
279,280,1,0.3927219033240891,1,1,-0.24055913037267862,1,0,0,0,1,1,0,0,0,1
280,281,0,2.593768521068294,0,0,-0.49210144397164657,1,0,0,1,0,0,1,0,0,1
281,282,0,-0.12085564081622538,0,0,-0.4900045872454856,1,0,0,0,1,0,1,0,0,1
282,283,0,-1.0012742879139074,0,0,-0.4568855200677911,1,0,0,0,1,0,1,0,0,1
283,284,1,-0.7811696261394868,0,0,-0.48606442844527137,1,0,0,0,1,0,1,0,0,1
284,285,0,2.061298092395395,0,0,-0.12484966611715337,0,1,0,0,1,0,1,1,0,0
285,286,0,0.2459854621411421,0,0,-0.4737388550789219,1,0,1,0,0,0,1,0,0,1
286,287,1,0.025880800366721614,0,0,-0.4568855200677911,1,0,0,0,1,0,1,0,0,1
287,288,0,-0.5610649643650664,0,0,-0.4891674544258282,1,0,0,0,1,0,1,0,0,1
288,289,1,0.9062994474644036,0,0,-0.38645367226008004,1,0,0,0,1,0,1,0,1,0
289,290,1,-0.5610649643650664,0,0,-0.49210144397164657,1,0,0,1,0,1,0,0,0,1
290,291,1,-0.2675920819991724,0,0,0.938671235779283,1,0,0,0,1,1,0,1,0,0
291,292,1,-0.7811696261394868,1,0,1.1847641366964432,0,1,1,0,0,1,0,1,0,0
292,293,0,0.4660901239155626,0,0,-0.3889690953960697,0,1,1,0,0,0,1,0,1,0
293,294,0,-0.4143285231821194,0,0,-0.4699657203749374,1,0,0,0,1,1,0,0,0,1
294,295,0,-0.4143285231821194,0,0,-0.4891674544258282,1,0,0,0,1,0,1,0,0,1
295,296,0,0.8476113624381322,0,0,-0.09022134505786503,1,0,1,0,0,0,1,1,0,0
296,297,0,-0.45101263347785614,0,0,-0.502581702925434,1,0,1,0,0,0,1,0,0,1
297,298,0,-2.0284293761945364,1,2,2.401641331670881,0,1,0,0,1,1,0,1,0,0
298,299,1,0.8751089428145087,0,0,-0.034294433221524895,0,1,0,0,1,0,1,1,0,0
299,300,1,1.4932452121961917,0,1,4.332898697266388,0,1,1,0,0,1,0,1,0,0
300,301,1,0.41442600575116434,0,0,-0.49210144397164657,1,0,0,1,0,1,0,0,0,1
301,302,1,-0.46468235577772443,2,0,-0.1801889751089263,1,0,0,1,0,0,1,0,0,1
302,303,0,-0.7811696261394868,0,0,-0.6480576784030068,1,0,0,0,1,0,1,0,0,1
303,304,1,0.9484506300541088,0,0,-0.39953387256722633,0,1,0,1,0,1,0,0,1,0
304,305,0,0.07765871838555102,0,0,-0.48606442844527137,1,0,0,0,1,0,1,0,0,1
305,306,1,-2.107667054433328,1,2,2.401641331670881,0,1,0,0,1,0,1,1,0,0
306,307,1,-0.078383957047938,0,0,1.583289667316069,1,0,1,0,0,1,0,1,0,0
307,308,1,-0.9279060673224339,1,0,1.5433789576712023,0,1,1,0,0,1,0,1,0,0
308,309,0,0.025880800366721614,1,0,-0.16509643629298823,1,0,1,0,0,0,1,0,1,0
309,310,1,0.025880800366721614,0,0,0.4975505359440627,0,1,1,0,0,1,0,1,0,0
310,311,1,-0.4143285231821194,0,0,1.0253688157535579,0,1,1,0,0,1,0,1,0,0
311,312,1,-0.8545378467309603,2,2,4.631815484039331,0,1,1,0,0,1,0,1,0,0
312,313,0,-0.2675920819991724,1,1,-0.12484966611715337,1,0,0,0,1,1,0,0,1,0
313,314,0,-0.12085564081622538,0,0,-0.4891674544258282,1,0,0,0,1,0,1,0,0,1
314,315,0,0.9796676680558771,1,1,-0.11981881984517401,1,0,0,0,1,0,1,0,1,0
315,316,1,-0.2675920819991724,0,0,-0.4900045872454856,1,0,0,0,1,1,0,0,0,1
316,317,1,-0.4143285231821194,1,0,-0.12484966611715337,1,0,0,0,1,1,0,0,1,0
317,318,0,1.7867180945620855,0,0,-0.3663302871721626,1,0,0,0,1,0,1,0,1,0
318,319,1,0.09924902095819511,0,2,2.669618413871151,0,1,0,0,1,1,0,1,0,0
319,320,1,0.7595630062814566,1,1,2.0585376159218884,0,1,1,0,0,1,0,1,0,0
320,321,0,-0.5610649643650664,0,0,-0.5021631365156053,1,0,0,0,1,0,1,0,0,1
321,322,0,-0.19422386140769887,0,0,-0.4891674544258282,1,0,0,0,1,0,1,0,0,1
322,323,1,0.025880800366721614,0,0,-0.39953387256722633,1,0,0,1,0,1,0,0,1,0
323,324,1,-0.5610649643650664,1,1,-0.06447951085340105,1,0,0,0,1,1,0,0,1,0
324,325,0,-1.3776630207016896,8,2,0.751523754461651,1,0,0,0,1,0,1,0,0,1
325,326,1,0.4660901239155626,0,0,2.081343448242025,0,1,1,0,0,1,0,1,0,0
326,327,0,2.3002956387024,0,0,-0.5225380639171217,1,0,0,0,1,0,1,0,0,1
327,328,1,0.4660901239155626,0,0,-0.38645367226008004,0,1,0,0,1,1,0,0,1,0
328,329,1,0.09924902095819511,1,1,-0.23502519947350137,1,0,0,0,1,1,0,0,0,1
329,330,1,-1.0012742879139074,0,1,0.518680090286376,0,1,1,0,0,1,0,1,0,0
330,331,1,-0.46468235577772443,2,0,-0.1801889751089263,1,0,0,1,0,1,0,0,0,1
331,332,0,1.1630882195345609,0,0,-0.07454120339735977,0,1,0,0,1,0,1,1,0,0
332,333,0,0.6128265650985096,0,1,2.440127305651523,0,1,0,0,1,0,1,1,0,0
333,334,0,-1.0012742879139074,2,0,-0.28583674682049287,1,0,0,0,1,0,1,0,0,1
334,335,1,0.1304949273489539,1,0,2.041432738597159,1,0,0,0,1,1,0,1,0,0
335,336,0,-0.12472903070018583,0,0,-0.4891674544258282,1,0,0,0,1,0,1,0,0,1
336,337,0,-0.047487420224751886,1,0,0.6921597684522944,0,1,0,0,1,0,1,1,0,0
337,338,1,0.8329312268729301,0,0,2.0585376159218884,0,1,1,0,0,1,0,1,0,0
338,339,1,1.1264041092388242,0,0,-0.48606442844527137,1,0,0,0,1,0,1,0,0,1
339,340,0,1.1264041092388242,0,0,0.06632249221806229,0,1,0,0,1,0,1,1,0,0
340,341,1,-2.0284293761945364,1,1,-0.12484966611715337,0,1,0,0,1,0,1,0,1,0
341,342,1,-0.4143285231821194,3,2,4.644392599719279,0,1,0,0,1,1,0,1,0,0
342,343,0,-0.12085564081622538,0,0,-0.38645367226008004,1,0,0,0,1,0,1,0,1,0
343,344,0,-0.34096030259064586,0,0,-0.38645367226008004,1,0,0,0,1,0,1,0,1,0
344,345,0,0.4660901239155626,0,0,-0.38645367226008004,1,0,0,0,1,0,1,0,1,0
345,346,1,-0.4143285231821194,0,0,-0.38645367226008004,0,1,0,0,1,1,0,0,1,0
346,347,1,0.7595630062814566,0,0,-0.38645367226008004,1,0,0,0,1,1,0,0,1,0
347,348,1,-0.21702901631344063,1,0,-0.32407117848753597,1,0,0,0,1,1,0,0,0,1
348,349,1,-1.9550611556030628,1,1,-0.3280958555051195,1,0,0,0,1,0,1,0,0,1
349,350,0,0.9062994474644036,0,0,-0.4737388550789219,1,0,0,0,1,0,1,0,0,1
350,351,0,-0.4876967437735929,0,0,-0.46241945096696835,1,0,0,0,1,0,1,0,0,1
351,352,0,2.2246650711803015,0,0,0.05626079967410357,0,1,0,0,1,0,1,1,0,0
352,353,0,-1.0746425085053808,1,1,-0.502581702925434,1,0,1,0,0,0,1,0,0,1
353,354,0,-0.34096030259064586,1,0,-0.28986142383807634,1,0,0,0,1,0,1,0,0,1
354,355,0,-0.00946763104897994,0,0,-0.5026662211428032,1,0,1,0,0,0,1,0,0,1
355,356,0,-0.12085564081622538,0,0,-0.4568855200677911,1,0,0,0,1,0,1,0,0,1
356,357,1,-0.5610649643650664,0,1,0.4587285014324523,0,1,0,0,1,1,0,1,0,0
357,358,0,0.6128265650985096,0,0,-0.38645367226008004,1,0,0,0,1,1,0,0,1,0
358,359,1,-0.5331767324090839,0,0,-0.4895015026182876,1,0,0,1,0,1,0,0,0,1
359,360,1,-0.5331767324090839,0,0,-0.4895015026182876,1,0,0,1,0,1,0,0,0,1
360,361,0,0.7595630062814566,1,4,-0.08661523445011025,1,0,0,0,1,0,1,0,0,1
361,362,0,-0.047487420224751886,1,0,-0.09022134505786503,1,0,1,0,0,0,1,0,1,0
362,363,0,1.1264041092388242,0,1,-0.3571902456652305,1,0,1,0,0,1,0,0,0,1
363,364,0,0.3927219033240891,0,0,-0.5061878135331888,1,0,0,0,1,0,1,0,0,1
364,365,0,0.25544888801239435,1,0,-0.3361452095402864,1,0,0,1,0,0,1,0,0,1
365,366,0,0.025880800366721614,0,0,-0.5021631365156053,1,0,0,0,1,0,1,0,0,1
366,367,1,2.2269274181109266,1,0,0.8662270494627804,0,1,1,0,0,1,0,1,0,0
367,368,1,-0.4967718892162386,0,0,-0.502581702925434,1,0,1,0,0,1,0,0,0,1
368,369,1,0.41442600575116434,0,0,-0.49210144397164657,1,0,0,1,0,1,0,0,0,1
369,370,1,-0.4143285231821194,0,0,0.7464929081896716,0,1,1,0,0,1,0,1,0,0
370,371,1,-0.34096030259064586,1,0,0.4676170006257854,0,1,1,0,0,0,1,1,0,0
371,372,0,-0.8545378467309603,1,0,-0.5173401935489127,1,0,0,0,1,0,1,0,0,1
372,373,0,-0.7811696261394868,0,0,-0.48606442844527137,1,0,0,0,1,0,1,0,0,1
373,374,0,-0.5610649643650664,0,0,2.081343448242025,1,0,1,0,0,0,1,1,0,0
374,375,0,-1.9550611556030628,3,1,-0.22395733767514675,1,0,0,0,1,1,0,0,0,1
375,376,1,0.16856683538585965,1,0,1.0054969729792393,1,0,1,0,0,1,0,1,0,0
376,377,1,-0.5610649643650664,0,0,-0.5021631365156053,1,0,0,0,1,1,0,0,0,1
377,378,0,-0.19422386140769887,0,2,3.6080382676915317,0,1,1,0,0,0,1,1,0,0
378,379,0,-0.7078014055480134,0,0,-0.5673125957377381,1,0,1,0,0,0,1,0,0,1
379,380,0,-0.7811696261394868,0,0,-0.4915983593444487,1,0,0,0,1,0,1,0,0,1
380,381,1,0.9062994474644036,0,0,3.930515513725408,1,0,1,0,0,1,0,1,0,0
381,382,1,-2.10179759678601,0,2,-0.3312813873645368,1,0,1,0,0,1,0,0,0,1
382,383,0,0.17261724154966862,0,0,-0.48857985158126105,1,0,0,0,1,0,1,0,0,1
383,384,1,0.3927219033240891,1,0,0.39835834616870003,1,0,0,0,1,1,0,1,0,0
384,385,0,-0.12472903070018583,0,0,-0.4891674544258282,1,0,0,0,1,0,1,0,0,1
385,386,0,-0.8545378467309603,0,0,0.8310111255589249,1,0,0,0,1,0,1,0,1,0
386,387,0,-2.10179759678601,5,2,0.29572908222032107,1,0,0,0,1,0,1,0,0,1
387,388,1,0.4660901239155626,0,0,-0.38645367226008004,1,0,0,0,1,1,0,0,1,0
388,389,0,-0.7154624324773109,0,0,-0.4925200103814753,1,0,0,1,0,0,1,0,0,1
389,390,1,-0.9279060673224339,0,0,-0.4065770573479975,1,0,1,0,0,1,0,0,1,0
390,391,1,0.4660901239155626,1,2,1.7667485321470857,0,1,0,0,1,0,1,1,0,0
391,392,1,-0.6344331849565399,0,0,-0.49117979293462,1,0,0,0,1,0,1,0,0,1
392,393,0,-0.12085564081622538,2,0,-0.48857985158126105,1,0,0,0,1,0,1,0,0,1
393,394,1,-0.4876967437735929,1,0,1.6314187674308411,0,1,1,0,0,1,0,1,0,0
394,395,1,-0.4143285231821194,0,2,-0.3119971474347855,0,1,0,0,1,1,0,0,0,1
395,396,0,-0.5610649643650664,0,0,-0.49117979293462,1,0,0,0,1,0,1,0,0,1
396,397,0,0.09924902095819511,0,0,-0.4900045872454856,1,0,0,0,1,1,0,0,0,1
397,398,0,1.1997723298302976,0,0,-0.12484966611715337,1,0,0,0,1,0,1,0,1,0
398,399,0,-0.4876967437735929,0,0,-0.43676213497987365,1,0,0,0,1,0,1,0,1,0
399,400,1,-0.12085564081622538,0,0,-0.3934968570408512,1,0,0,0,1,1,0,0,1,0
400,401,1,0.686194785689983,0,0,-0.48857985158126105,1,0,0,0,1,0,1,0,0,1
401,402,0,-0.2675920819991724,0,0,-0.48606442844527137,1,0,0,0,1,0,1,0,0,1
402,403,0,-0.6344331849565399,1,0,-0.45034541991421795,1,0,0,0,1,1,0,0,0,1
403,404,0,-0.12085564081622538,1,0,-0.32910202475951533,1,0,0,0,1,0,1,0,0,1
404,405,0,-0.7078014055480134,0,0,-0.4737388550789219,1,0,0,0,1,1,0,0,0,1
405,406,0,0.3193536827326156,1,0,-0.22546659155674054,1,0,0,0,1,0,1,0,1,0
406,407,0,1.566613432787665,0,0,-0.49210144397164657,1,0,0,0,1,0,1,0,0,1
407,408,1,-1.9550611556030628,1,1,-0.2707442080045548,1,0,0,0,1,0,1,0,1,0
408,409,0,-0.6344331849565399,0,0,-0.4915983593444487,1,0,0,0,1,0,1,0,0,1
409,410,0,-1.6388773575874966,3,1,-0.13558146738453974,1,0,0,0,1,1,0,0,0,1
410,411,0,-0.12472903070018583,0,0,-0.4891674544258282,1,0,0,0,1,0,1,0,0,1
411,412,0,-0.6578145450700456,0,0,-0.5100454664545425,1,0,0,1,0,0,1,0,0,1
412,413,1,0.2459854621411421,1,0,1.1630469795095626,0,1,0,1,0,1,0,1,0,0
413,414,0,0.39652366612483475,0,0,-0.6480576784030068,1,0,0,0,1,0,1,0,1,0
414,415,1,1.0530358886473505,0,0,-0.48857985158126105,1,0,0,0,1,0,1,0,0,1
415,416,0,0.07765871838555102,0,0,-0.48606442844527137,1,0,0,0,1,1,0,0,0,1
416,417,1,0.3193536827326156,1,1,0.005952336954309979,1,0,0,0,1,1,0,0,1,0
417,418,1,-0.8545378467309603,0,2,-0.38645367226008004,1,0,0,0,1,1,0,0,1,0
418,419,0,0.025880800366721614,0,0,-0.38645367226008004,1,0,0,0,1,0,1,0,1,0
419,420,0,-1.4414836114627483,0,2,-0.16207792852980066,1,0,0,0,1,1,0,0,0,1
420,421,0,-0.12472903070018583,0,0,-0.4891674544258282,1,0,1,0,0,0,1,0,0,1
421,422,0,-0.6344331849565399,0,0,-0.4924375045026148,1,0,0,1,0,0,1,0,0,1
422,423,0,-0.047487420224751886,0,0,-0.4895860208356569,1,0,0,0,1,0,1,0,0,1
423,424,0,-0.12085564081622538,1,1,-0.35828093313699566,1,0,0,0,1,1,0,0,0,1
424,425,0,-0.8545378467309603,1,1,-0.24131375731347557,1,0,0,0,1,0,1,0,0,1
425,426,0,0.009944938904568934,0,0,-0.5021631365156053,1,0,0,0,1,0,1,0,0,1
426,427,1,-0.12085564081622538,1,0,-0.12484966611715337,1,0,0,0,1,1,0,0,1,0
427,428,1,-0.7811696261394868,0,0,-0.12484966611715337,1,0,0,0,1,1,0,0,1,0
428,429,0,0.41442600575116434,0,0,-0.49210144397164657,1,0,0,1,0,0,1,0,0,1
429,430,1,0.17261724154966862,0,0,-0.48606442844527137,0,1,0,0,1,0,1,0,0,1
430,431,1,-0.12085564081622538,0,0,-0.11378180431879875,0,1,0,0,1,0,1,1,0,0
431,432,1,-0.21702901631344063,1,0,-0.32407117848753597,1,0,0,0,1,1,0,0,0,1
432,433,1,0.9062994474644036,1,0,-0.12484966611715337,1,0,0,0,1,1,0,0,1,0
433,434,0,-0.9279060673224339,0,0,-0.504678559651595,1,0,0,0,1,0,1,0,0,1
434,435,0,1.4932452121961917,1,0,0.47683954801157796,0,1,0,0,1,0,1,1,0,0
435,436,1,-1.1480107290968544,1,2,1.7667485321470857,0,1,0,0,1,1,0,1,0,0
436,437,0,-0.6344331849565399,2,2,0.043683683994155176,1,0,0,0,1,1,0,0,0,1
437,438,1,-0.4143285231821194,2,3,-0.2707442080045548,1,0,0,0,1,1,0,0,1,0
438,439,0,2.5204003004768207,1,4,4.644392599719279,0,1,0,0,1,0,1,1,0,0
439,440,0,0.09924902095819511,0,0,-0.43676213497987365,1,0,0,0,1,0,1,0,1,0
440,441,1,1.1264041092388242,1,1,-0.11981881984517401,1,0,0,0,1,1,0,0,1,0
441,442,0,-0.7078014055480134,0,0,-0.4568855200677911,1,0,0,0,1,0,1,0,0,1
442,443,0,-0.34096030259064586,1,0,-0.4915983593444487,1,0,0,0,1,0,1,0,0,1
443,444,1,-0.12085564081622538,0,0,-0.38645367226008004,1,0,0,0,1,1,0,0,1,0
444,445,1,-0.4527417471132896,0,0,-0.4848067168772765,1,0,0,0,1,0,1,0,0,1
445,446,1,-1.8816929350115894,0,2,0.9992084151392652,0,1,0,0,1,0,1,1,0,0
446,447,1,-1.2213789496883278,0,1,-0.2556516691886167,1,0,0,0,1,1,0,0,1,0
447,448,1,0.3193536827326156,0,0,-0.11378180431879875,1,0,0,0,1,0,1,1,0,0
448,449,1,-1.8083247144201158,2,1,-0.26051549136436636,1,0,1,0,0,1,0,0,0,1
449,450,1,1.6399816533791385,0,0,-0.034294433221524895,0,1,0,0,1,0,1,1,0,0
450,451,0,0.4660901239155626,1,2,-0.08963374221329785,1,0,0,0,1,0,1,0,1,0
451,452,0,-0.4063314744807679,1,0,-0.24626008536808563,1,0,0,0,1,0,1,0,0,1
452,453,0,0.025880800366721614,0,0,-0.08963374221329785,0,1,1,0,0,0,1,1,0,0
453,454,1,1.419876991604718,1,0,1.1450204511478064,0,1,1,0,0,0,1,1,0,0
454,455,0,0.07765871838555102,0,0,-0.48606442844527137,1,0,0,0,1,0,1,0,0,1
455,456,1,-0.047487420224751886,0,0,-0.4891674544258282,1,0,1,0,0,0,1,0,0,1
456,457,0,2.593768521068294,0,0,-0.11378180431879875,0,1,0,0,1,0,1,1,0,0
457,458,1,1.0574393224673886,1,0,0.3955913807191113,0,1,0,0,1,1,0,1,0,0
458,459,1,1.4932452121961917,0,0,-0.43676213497987365,1,0,0,0,1,1,0,0,1,0
459,460,0,0.41442600575116434,0,0,-0.49210144397164657,1,0,0,1,0,0,1,0,0,1
460,461,1,1.3465087710132446,0,0,-0.11378180431879875,0,1,0,0,1,0,1,1,0,0
461,462,0,0.3193536827326156,0,0,-0.48606442844527137,1,0,0,0,1,0,1,0,0,1
462,463,0,1.273140550421771,0,0,0.1266926474818146,0,1,0,0,1,0,1,1,0,0
463,464,0,1.3465087710132446,0,0,-0.38645367226008004,1,0,0,0,1,0,1,0,1,0
464,465,0,0.07765871838555102,0,0,-0.48606442844527137,1,0,0,0,1,0,1,0,0,1
465,466,0,0.6128265650985096,0,0,-0.5061878135331888,1,0,0,0,1,0,1,0,0,1
466,467,0,0.39652366612483475,0,0,-0.6480576784030068,1,0,0,0,1,0,1,0,1,0
467,468,0,1.9334545357450326,0,0,-0.11378180431879875,1,0,0,0,1,0,1,1,0,0
468,469,0,-0.7154624324773109,0,0,-0.4926045285988445,1,0,0,1,0,0,1,0,0,1
469,470,1,-2.1201396519338784,2,1,-0.26051549136436636,1,0,1,0,0,1,0,0,0,1
470,471,0,0.009944938904568934,0,0,-0.5021631365156053,1,0,0,0,1,0,1,0,0,1
471,472,0,0.6128265650985096,0,0,-0.4737388550789219,1,0,0,0,1,0,1,0,0,1
472,473,1,0.2459854621411421,1,2,-0.08963374221329785,1,0,0,0,1,1,0,0,1,0
473,474,1,-0.4876967437735929,0,0,-0.3705219882859758,0,1,1,0,0,1,0,0,1,0
474,475,0,-0.5610649643650664,0,0,-0.450093877600619,1,0,0,0,1,1,0,0,0,1
475,476,0,1.1014244719341693,0,0,0.39835834616870003,0,1,0,0,1,0,1,1,0,0
476,477,0,0.3193536827326156,1,0,-0.22546659155674054,1,0,0,0,1,0,1,0,1,0
477,478,0,-0.047487420224751886,1,0,-0.5062723317505581,1,0,0,0,1,0,1,0,0,1
478,479,0,-0.5610649643650664,0,0,-0.49671372383379725,1,0,0,0,1,0,1,0,0,1
479,480,1,-2.0284293761945364,0,1,-0.4007915841352212,1,0,0,0,1,1,0,0,0,1
480,481,0,-1.514851832054222,5,2,0.29572908222032107,1,0,0,0,1,0,1,0,0,1
481,482,0,0.39652366612483475,0,0,-0.6480576784030068,1,0,0,0,1,0,1,0,1,0
482,483,0,1.4932452121961917,0,0,-0.48606442844527137,1,0,0,0,1,0,1,0,0,1
483,484,1,2.4470320798853473,0,0,-0.45512472387259834,1,0,0,0,1,1,0,0,0,1
484,485,1,-0.34096030259064586,1,0,1.1847641366964432,0,1,1,0,0,0,1,1,0,0
485,486,0,-1.6388773575874966,3,1,-0.13558146738453974,1,0,0,0,1,1,0,0,0,1
486,487,1,0.3927219033240891,1,0,1.1630469795095626,0,1,0,0,1,1,0,1,0,0
487,488,0,2.0801909769279794,0,0,-0.05039314129185886,0,1,1,0,0,0,1,1,0,0
488,489,0,0.025880800366721614,0,0,-0.48606442844527137,1,0,0,0,1,0,1,0,0,1
489,490,1,-1.514851832054222,1,1,-0.3280958555051195,1,0,0,0,1,0,1,0,0,1
490,491,0,-0.4063314744807679,1,0,-0.24626008536808563,1,0,0,0,1,0,1,0,0,1
491,492,0,-0.6344331849565399,0,0,-0.5021631365156053,1,0,0,0,1,0,1,0,0,1
492,493,0,1.8600863151535592,0,0,-0.034294433221524895,0,1,0,0,1,0,1,1,0,0
493,494,0,3.0339778446171355,0,0,0.34813440166627563,1,0,1,0,0,0,1,1,0,0
494,495,0,-0.6344331849565399,0,0,-0.48606442844527137,1,0,0,0,1,0,1,0,0,1
495,496,0,-0.8402460958465922,0,0,-0.35710773978637,1,0,1,0,0,0,1,0,0,1
496,497,1,1.7867180945620855,1,0,0.926933265257501,0,1,1,0,0,1,0,1,0,0
497,498,0,-0.2855324243035223,0,0,-0.3441945635754534,1,0,0,0,1,0,1,0,0,1
498,499,0,-0.34096030259064586,1,2,2.401641331670881,0,1,0,0,1,1,0,1,0,0
499,500,0,-0.4143285231821194,0,0,-0.49117979293462,1,0,0,0,1,0,1,0,0,1
500,501,0,-0.9279060673224339,0,0,-0.4737388550789219,1,0,0,0,1,0,1,0,0,1
501,502,0,-0.6344331849565399,0,0,-0.49210144397164657,1,0,0,1,0,1,0,0,0,1
502,503,0,-0.2073763761304337,0,0,-0.494532348890267,1,0,0,1,0,1,0,0,0,1
503,504,0,0.5394583445070361,0,0,-0.45512472387259834,1,0,0,0,1,1,0,0,0,1
504,505,1,-1.0012742879139074,0,0,1.0926151317018515,0,1,0,0,1,1,0,1,0,0
505,506,0,-0.8545378467309603,1,0,1.5433789576712023,0,1,1,0,0,0,1,1,0,0
506,507,1,0.2459854621411421,0,2,-0.12484966611715337,1,0,0,0,1,1,0,0,1,0
507,508,1,1.485865051641255,0,0,-0.11378180431879875,1,0,0,0,1,0,1,1,0,0
508,509,0,-0.12085564081622538,0,0,-0.19477842929766648,1,0,0,0,1,0,1,0,0,1
509,510,1,-0.2675920819991724,0,0,0.48882906084695926,1,0,0,0,1,0,1,0,0,1
510,511,1,-0.047487420224751886,0,0,-0.49210144397164657,1,0,0,1,0,0,1,0,0,1
511,512,0,0.07765871838555102,0,0,-0.48606442844527137,1,0,0,0,1,0,1,0,0,1
512,513,1,0.4660901239155626,0,0,-0.11906419290437707,0,1,0,0,1,0,1,1,0,0
513,514,1,1.7867180945620855,1,0,0.547271395819289,1,0,1,0,0,1,0,1,0,0
514,515,0,-0.4143285231821194,0,0,-0.4972168084609952,1,0,0,0,1,0,1,0,0,1
515,516,0,1.273140550421771,0,0,0.03655598099601484,0,1,0,0,1,0,1,1,0,0
516,517,1,0.3193536827326156,0,0,-0.43676213497987365,0,1,0,0,1,1,0,0,1,0
517,518,0,0.3321013091600775,0,0,-0.16207792852980066,1,0,0,1,0,0,1,0,0,1
518,519,1,0.4660901239155626,1,0,-0.12484966611715337,1,0,0,0,1,1,0,0,1,0
519,520,0,0.17261724154966862,0,0,-0.4891674544258282,1,0,0,0,1,0,1,0,0,1
520,521,1,0.025880800366721614,0,0,1.2334788273172737,0,1,0,0,1,1,0,1,0,0
521,522,0,-0.5610649643650664,0,0,-0.4891674544258282,1,0,0,0,1,0,1,0,0,1
522,523,0,-0.00946763104897994,0,0,-0.5026662211428032,1,0,1,0,0,0,1,0,0,1
523,524,1,1.0530358886473505,0,1,0.518680090286376,0,1,1,0,0,1,0,1,0,0
524,525,0,-0.4967718892162386,0,0,-0.502581702925434,1,0,1,0,0,0,1,0,0,1
525,526,0,0.7962471165771934,0,0,-0.49210144397164657,1,0,0,1,0,0,1,0,0,1
526,527,1,1.4932452121961917,0,0,-0.43676213497987365,1,0,0,0,1,1,0,0,1,0
527,528,0,0.6506478828134112,0,0,3.8148905676872524,0,1,0,0,1,0,1,1,0,0
528,529,0,0.686194785689983,0,0,-0.48857985158126105,1,0,0,0,1,0,1,0,0,1
529,530,0,-0.4876967437735929,2,1,-0.4166387498919562,1,0,0,0,1,0,1,0,1,0
530,531,1,-2.0284293761945364,1,1,-0.12484966611715337,1,0,0,0,1,1,0,0,1,0
531,532,0,-0.4967718892162386,0,0,-0.502581702925434,1,0,1,0,0,0,1,0,0,1
532,533,0,-0.9279060673224339,1,1,-0.502581702925434,1,0,1,0,0,0,1,0,0,1
533,534,1,-1.5872146896657928,0,2,-0.1981329975918223,1,0,1,0,0,1,0,0,0,1
534,535,0,0.025880800366721614,0,0,-0.4737388550789219,1,0,0,0,1,1,0,0,0,1
535,536,1,-1.661588273237169,0,2,-0.11981881984517401,1,0,0,0,1,1,0,0,1,0
536,537,0,1.1264041092388242,0,0,-0.11378180431879875,0,1,0,0,1,0,1,1,0,0
537,538,1,0.025880800366721614,0,0,1.4935735795786065,1,0,1,0,0,1,0,1,0,0
538,539,0,-0.3901010921033581,0,0,-0.35626859462820387,1,0,0,0,1,0,1,0,0,1
539,540,1,-0.5610649643650664,0,2,0.3480498834489064,0,1,1,0,0,1,0,1,0,0
540,541,1,0.4660901239155626,0,2,0.7807026628391313,0,1,0,0,1,1,0,1,0,0
541,542,0,-1.514851832054222,4,2,-0.01869880977838891,1,0,0,0,1,1,0,0,0,1
542,543,0,-1.3681153908712749,4,2,-0.01869880977838891,1,0,0,0,1,1,0,0,0,1
543,544,1,0.17261724154966862,1,0,-0.12484966611715337,1,0,0,0,1,0,1,0,1,0
544,545,0,1.4932452121961917,1,0,1.4935735795786065,0,1,1,0,0,0,1,1,0,0
545,546,0,2.5204003004768207,0,0,-0.12484966611715337,1,0,0,0,1,0,1,1,0,0
546,547,1,-0.7811696261394868,1,0,-0.12484966611715337,1,0,0,0,1,1,0,0,1,0
547,548,1,0.23094675849557592,0,0,-0.36909725262175125,1,0,1,0,0,0,1,0,1,0
548,549,0,0.2459854621411421,1,1,-0.23502519947350137,1,0,0,0,1,0,1,0,0,1
549,550,1,-1.5882200526456953,1,1,0.0914767235779591,1,0,0,0,1,0,1,0,1,0
550,551,1,-0.9279060673224339,0,2,1.583289667316069,0,1,1,0,0,0,1,1,0,0
551,552,0,-0.19422386140769887,0,0,-0.12484966611715337,1,0,0,0,1,0,1,0,1,0
552,553,0,-0.23960761562504287,0,0,-0.4905076718726835,1,0,0,1,0,0,1,0,0,1
553,554,1,-0.5610649643650664,0,0,-0.5026662211428032,1,0,1,0,0,0,1,0,0,1
554,555,1,-0.5610649643650664,0,0,-0.4915983593444487,1,0,0,0,1,1,0,0,0,1
555,556,0,2.373663859293874,0,0,-0.11378180431879875,1,0,0,0,1,0,1,1,0,0
556,557,1,1.3465087710132446,1,0,0.1488283710785238,0,1,1,0,0,1,0,1,0,0
557,558,0,0.6506478828134112,0,0,3.930515513725408,1,0,1,0,0,0,1,1,0,0
558,559,1,0.686194785689983,1,1,0.9547699438496172,0,1,0,0,1,1,0,1,0,0
559,560,1,0.4660901239155626,1,0,-0.2979107778732433,1,0,0,0,1,1,0,0,0,1
560,561,0,0.41442600575116434,0,0,-0.49210144397164657,1,0,0,1,0,0,1,0,0,1
561,562,0,0.7595630062814566,0,0,-0.4891674544258282,1,0,0,0,1,0,1,0,0,1
562,563,0,-0.12085564081622538,0,0,-0.3763919797161213,1,0,0,0,1,0,1,0,1,0
563,564,0,0.07765871838555102,0,0,-0.48606442844527137,1,0,0,0,1,0,1,0,0,1
564,565,0,0.07765871838555102,0,0,-0.48606442844527137,1,0,0,0,1,1,0,0,0,1
565,566,0,-0.4143285231821194,2,0,-0.16207792852980066,1,0,0,0,1,0,1,0,0,1
566,567,0,-0.7811696261394868,0,0,-0.4891674544258282,1,0,0,0,1,0,1,0,0,1
567,568,0,-0.047487420224751886,0,4,-0.22395733767514675,1,0,0,0,1,1,0,0,0,1
568,569,0,-0.4967718892162386,0,0,-0.502581702925434,1,0,1,0,0,0,1,0,0,1
569,570,1,0.17261724154966862,0,0,-0.4900045872454856,1,0,0,0,1,0,1,0,0,1
570,571,1,2.373663859293874,0,0,-0.43676213497987365,1,0,0,0,1,0,1,0,1,0
571,572,1,1.7133498739706121,2,0,0.38787808721491257,0,1,0,0,1,1,0,1,0,0
572,573,1,0.4660901239155626,0,0,-0.11705185439558537,0,1,0,0,1,0,1,1,0,0
573,574,1,0.41442600575116434,0,0,-0.49210144397164657,1,0,0,1,0,1,0,0,0,1
574,575,0,-1.0012742879139074,0,0,-0.48606442844527137,1,0,0,0,1,0,1,0,0,1
575,576,0,-0.7811696261394868,0,0,-0.35626859462820387,1,0,0,0,1,0,1,0,0,1
576,577,1,0.3193536827326156,0,0,-0.38645367226008004,1,0,0,0,1,1,0,0,1,0
577,578,1,0.686194785689983,1,0,0.47683954801157796,0,1,0,0,1,1,0,1,0,0
578,579,0,-0.7026533239903875,1,0,-0.35710773978637,1,0,1,0,0,1,0,0,0,1
579,580,1,0.17261724154966862,0,0,-0.48857985158126105,1,0,0,0,1,0,1,0,0,1
580,581,1,-0.34096030259064586,1,1,-0.04435612576548362,1,0,0,0,1,1,0,0,1,0
581,582,1,0.686194785689983,1,1,1.583289667316069,0,1,1,0,0,1,0,1,0,0
582,583,0,1.7867180945620855,0,0,-0.12484966611715337,1,0,0,0,1,0,1,0,1,0
583,584,0,0.4660901239155626,0,0,0.15939314824968043,0,1,1,0,0,0,1,1,0,0
584,585,0,-0.04433708752696249,0,0,-0.4727326858245261,1,0,1,0,0,0,1,0,0,1
585,586,1,-0.8545378467309603,0,2,0.9547699438496172,0,1,0,0,1,1,0,1,0,0
586,587,0,1.273140550421771,0,0,-0.34620690208424515,1,0,0,0,1,0,1,0,1,0
587,588,1,2.2269274181109266,1,1,0.9457144205600544,0,1,1,0,0,0,1,1,0,0
588,589,0,-0.5610649643650664,0,0,-0.48606442844527137,1,0,0,0,1,0,1,0,0,1
589,590,0,0.07765871838555102,0,0,-0.48606442844527137,1,0,0,0,1,0,1,0,0,1
590,591,0,0.3927219033240891,0,0,-0.504678559651595,1,0,0,0,1,0,1,0,0,1
591,592,1,1.6399816533791385,1,0,0.926933265257501,0,1,1,0,0,1,0,1,0,0
592,593,0,1.273140550421771,0,0,-0.5021631365156053,1,0,0,0,1,0,1,0,0,1
593,594,0,-0.16073902491198416,0,2,-0.49210144397164657,1,0,0,1,0,1,0,0,0,1
594,595,0,0.5394583445070361,1,0,-0.12484966611715337,1,0,0,0,1,0,1,0,1,0
595,596,0,0.4660901239155626,1,1,-0.16207792852980066,1,0,0,0,1,0,1,0,0,1
596,597,1,-0.384808442667263,0,0,0.016014029498268696,1,0,0,0,1,1,0,0,1,0
597,598,0,1.419876991604718,0,0,-0.6480576784030068,1,0,0,0,1,0,1,0,0,1
598,599,0,-0.00946763104897994,0,0,-0.5026662211428032,1,0,1,0,0,0,1,0,0,1
599,600,1,1.419876991604718,1,0,0.4975505359440627,0,1,1,0,0,0,1,1,0,0
600,601,1,-0.4143285231821194,2,1,-0.10472628102923592,1,0,0,0,1,1,0,0,1,0
601,602,0,-0.12472903070018583,0,0,-0.4891674544258282,1,0,0,0,1,0,1,0,0,1
602,603,0,0.5773279629671632,0,0,0.20517384932469257,1,0,0,0,1,0,1,1,0,0
603,604,0,1.0530358886473505,0,0,-0.48606442844527137,1,0,0,0,1,0,1,0,0,1
604,605,1,0.3927219033240891,0,0,-0.11378180431879875,1,0,1,0,0,0,1,1,0,0
605,606,0,0.4660901239155626,1,0,-0.3351390402858906,1,0,0,0,1,0,1,0,0,1
606,607,0,0.025880800366721614,0,0,-0.4891674544258282,1,0,0,0,1,0,1,0,0,1
607,608,1,-0.19422386140769887,0,0,-0.034294433221524895,1,0,0,0,1,0,1,1,0,0
608,609,1,-0.5610649643650664,1,2,0.18865657484452997,1,0,1,0,0,1,0,0,1,0
609,610,1,0.7595630062814566,0,0,2.440127305651523,0,1,0,0,1,1,0,1,0,0
610,611,0,0.686194785689983,1,5,-0.01869880977838891,1,0,0,0,1,1,0,0,0,1
611,612,0,-0.13048617453706338,0,0,-0.5061878135331888,1,0,0,0,1,0,1,0,0,1
612,613,1,0.25544888801239435,1,0,-0.3361452095402864,1,0,0,1,0,1,0,0,0,1
613,614,0,0.41442600575116434,0,0,-0.49210144397164657,1,0,0,1,0,0,1,0,0,1
614,615,0,0.3927219033240891,0,0,-0.48606442844527137,1,0,0,0,1,0,1,0,0,1
615,616,1,-0.4143285231821194,1,2,0.6599623523116267,1,0,0,0,1,1,0,0,1,0
616,617,0,0.3193536827326156,1,1,-0.35828093313699566,1,0,0,0,1,0,1,0,0,1
617,618,0,-0.2675920819991724,1,0,-0.32407117848753597,1,0,0,0,1,1,0,0,0,1
618,619,1,-1.8816929350115894,2,1,0.13675434002577333,0,1,0,0,1,1,0,0,1,0
619,620,0,-0.2675920819991724,0,0,-0.43676213497987365,1,0,0,0,1,0,1,0,1,0
620,621,0,-0.19422386140769887,1,0,-0.3571902456652305,1,0,1,0,0,0,1,0,0,1
621,622,1,0.9062994474644036,1,0,0.40951072618442386,0,1,0,0,1,0,1,1,0,0
622,623,1,-0.7078014055480134,1,1,-0.3312813873645368,1,0,1,0,0,0,1,0,0,1
623,624,0,-0.6344331849565399,0,0,-0.4900045872454856,1,0,0,0,1,0,1,0,0,1
624,625,0,-0.6344331849565399,0,0,-0.32407117848753597,1,0,0,0,1,0,1,0,0,1
625,626,0,2.3002956387024,0,0,0.002346226346555142,0,1,0,0,1,0,1,1,0,0
626,627,0,2.006822756336506,0,0,-0.39953387256722633,1,0,0,1,0,0,1,0,1,0
627,628,1,-0.6344331849565399,0,0,0.9207272132963871,0,1,0,0,1,1,0,1,0,0
628,629,0,-0.2675920819991724,0,0,-0.4891674544258282,1,0,0,0,1,0,1,0,0,1
629,630,0,-0.7154624324773109,0,0,-0.4924375045026148,1,0,0,1,0,0,1,0,0,1
630,631,1,3.6942918299403966,0,0,-0.04435612576548362,0,1,0,0,1,0,1,1,0,0
631,632,0,1.566613432787665,0,0,-0.5061032953158195,1,0,0,0,1,0,1,0,0,1
632,633,1,0.17261724154966862,0,0,-0.034294433221524895,0,1,1,0,0,0,1,1,0,0
633,634,0,0.6740725095323299,0,0,-0.6480576784030068,1,0,0,0,1,0,1,1,0,0
634,635,0,-1.514851832054222,3,2,-0.08661523445011025,1,0,0,0,1,1,0,0,0,1
635,636,1,-0.12085564081622538,0,0,-0.38645367226008004,1,0,0,0,1,1,0,0,1,0
636,637,0,0.17261724154966862,0,0,-0.48857985158126105,1,0,0,0,1,0,1,0,0,1
637,638,0,0.09924902095819511,1,1,-0.11981881984517401,1,0,0,0,1,0,1,0,1,0
638,639,0,0.8329312268729301,0,5,0.15058916727371655,1,0,0,0,1,1,0,0,0,1
639,640,0,-0.21702901631344063,1,0,-0.32407117848753597,1,0,0,0,1,0,1,0,0,1
640,641,0,-0.7078014055480134,0,0,-0.4900045872454856,1,0,0,0,1,0,1,0,0,1
641,642,1,-0.4143285231821194,0,0,0.7464929081896716,0,1,1,0,0,1,0,1,0,0
642,643,0,-2.0284293761945364,3,2,-0.08661523445011025,1,0,0,0,1,1,0,0,0,1
643,644,1,-0.005748379808608914,0,0,0.48882906084695926,1,0,0,0,1,0,1,0,0,1
644,645,1,-2.1201396519338784,2,1,-0.26051549136436636,1,0,1,0,0,1,0,0,0,1
645,646,1,1.3465087710132446,1,0,0.895993560684828,0,1,1,0,0,0,1,1,0,0
646,647,0,-0.7811696261394868,0,0,-0.4891674544258282,1,0,0,0,1,0,1,0,0,1
647,648,1,1.9334545357450326,0,0,0.06632249221806229,0,1,1,0,0,0,1,1,0,0
648,649,0,0.10720100060975452,0,0,-0.4961261209892301,1,0,0,0,1,0,1,0,0,1
649,650,1,-0.4876967437735929,0,0,-0.4961261209892301,1,0,0,0,1,1,0,0,0,1
650,651,0,-0.12472903070018583,0,0,-0.4891674544258282,1,0,0,0,1,0,1,0,0,1
651,652,1,-0.8545378467309603,0,1,-0.18521982138090567,1,0,0,0,1,1,0,0,1,0
652,653,0,-0.6344331849565399,0,0,-0.4783511349410726,1,0,0,0,1,0,1,0,0,1
653,654,1,-0.23960761562504287,0,0,-0.4905076718726835,1,0,0,1,0,1,0,0,0,1
654,655,0,-0.8545378467309603,0,0,-0.512224829059564,1,0,0,1,0,1,0,0,0,1
655,656,0,-0.4143285231821194,2,0,0.8310111255589249,1,0,0,0,1,0,1,0,1,0
656,657,0,-0.12472903070018583,0,0,-0.4891674544258282,1,0,0,0,1,0,1,0,0,1
657,658,0,0.17261724154966862,1,1,-0.3361452095402864,1,0,0,1,0,1,0,0,0,1
658,659,0,-0.4876967437735929,0,0,-0.38645367226008004,1,0,0,0,1,0,1,0,1,0
659,660,0,2.0801909769279794,0,2,1.6314187674308411,0,1,1,0,0,0,1,1,0,0
660,661,1,1.4932452121961917,2,0,2.041432738597159,1,0,0,0,1,0,1,1,0,0
661,662,0,0.7595630062814566,0,0,-0.5026662211428032,1,0,1,0,0,0,1,0,0,1
662,663,0,1.273140550421771,0,0,-0.13315056246591933,0,1,0,0,1,0,1,1,0,0
663,664,0,0.4660901239155626,0,0,-0.4972168084609952,1,0,0,0,1,0,1,0,0,1
664,665,1,-0.7078014055480134,1,0,-0.48857985158126105,1,0,0,0,1,0,1,0,0,1
665,666,0,0.17261724154966862,2,0,0.8310111255589249,1,0,0,0,1,0,1,0,1,0
666,667,0,-0.34096030259064586,0,0,-0.38645367226008004,1,0,0,0,1,0,1,0,1,0
667,668,0,-0.1564058993460195,0,0,-0.4915983593444487,1,0,0,0,1,0,1,0,0,1
668,669,0,0.9796676680558771,0,0,-0.48606442844527137,1,0,0,0,1,0,1,0,0,1
669,670,1,0.6926642588088593,1,0,0.39835834616870003,0,1,0,0,1,1,0,1,0,0
670,671,1,0.7595630062814566,1,1,0.13675434002577333,1,0,0,0,1,1,0,0,1,0
671,672,0,0.09924902095819511,1,0,0.39835834616870003,0,1,0,0,1,0,1,1,0,0
672,673,0,2.9606096240256616,0,0,-0.43676213497987365,1,0,0,0,1,0,1,0,1,0
673,674,1,0.09924902095819511,0,0,-0.38645367226008004,1,0,0,0,1,0,1,0,1,0
674,675,0,0.39652366612483475,0,0,-0.6480576784030068,1,0,0,0,1,0,1,0,1,0
675,676,0,-0.8545378467309603,0,0,-0.4915983593444487,1,0,0,0,1,0,1,0,0,1
676,677,0,-0.3776444128863826,0,0,-0.48606442844527137,1,0,0,0,1,0,1,0,0,1
677,678,1,-0.8545378467309603,0,0,-0.4500093593832497,1,0,0,0,1,1,0,0,0,1
678,679,0,0.9796676680558771,1,6,0.29572908222032107,1,0,0,0,1,1,0,0,0,1
679,680,1,0.4660901239155626,0,1,9.661740104981664,0,1,1,0,0,0,1,1,0,0
680,681,0,-0.4527417471132896,0,0,-0.4843036322500786,1,0,0,1,0,1,0,0,0,1
681,682,1,-0.19422386140769887,0,0,0.895993560684828,0,1,1,0,0,0,1,1,0,0
682,683,0,-0.7078014055480134,0,0,-0.46241945096696835,1,0,0,0,1,0,1,0,0,1
683,684,0,-1.1480107290968544,5,2,0.29572908222032107,1,0,0,0,1,0,1,0,0,1
684,685,0,2.2269274181109266,1,1,0.13675434002577333,1,0,0,0,1,0,1,0,1,0
685,686,0,-0.34096030259064586,1,2,0.18865657484452997,1,0,1,0,0,0,1,0,1,0
686,687,0,-1.1480107290968544,4,1,0.15058916727371655,1,0,0,0,1,0,1,0,0,1
687,688,0,-0.7811696261394868,0,0,-0.44338675335081607,1,0,0,0,1,0,1,0,0,1
688,689,0,-0.8545378467309603,0,0,-0.49117979293462,1,0,0,0,1,0,1,0,0,1
689,690,1,-1.0746425085053808,0,1,3.6047682176147444,0,1,0,0,1,1,0,1,0,0
690,691,1,0.09924902095819511,1,0,0.4989752716082872,0,1,0,0,1,0,1,1,0,0
691,692,1,-1.8816929350115894,0,1,-0.37806825769394486,1,0,1,0,0,1,0,0,0,1
692,693,1,-0.005748379808608914,0,0,0.48882906084695926,1,0,0,0,1,0,1,0,0,1
693,694,0,-0.34096030259064586,0,0,-0.5026662211428032,1,0,1,0,0,0,1,0,0,1
694,695,0,2.2269274181109266,0,0,-0.11378180431879875,1,0,0,0,1,0,1,1,0,0
695,696,0,1.6399816533791385,0,0,-0.3763919797161213,1,0,0,0,1,0,1,0,1,0
696,697,0,1.0530358886473505,0,0,-0.48606442844527137,1,0,0,0,1,0,1,0,0,1
697,698,1,-0.7154624324773109,0,0,-0.4924375045026148,1,0,0,1,0,1,0,0,0,1
698,699,0,1.419876991604718,1,1,1.583289667316069,0,1,1,0,0,0,1,1,0,0
699,700,0,0.9062994474644036,0,0,-0.49411378248043836,0,1,0,0,1,0,1,0,0,1
700,701,1,-0.8545378467309603,1,0,3.930515513725408,0,1,1,0,0,1,0,1,0,0
701,702,1,0.3927219033240891,0,0,-0.11906419290437707,0,1,0,0,1,0,1,1,0,0
702,703,0,-0.8545378467309603,0,1,-0.3571902456652305,1,0,1,0,0,1,0,0,0,1
703,704,0,-0.34096030259064586,0,0,-0.4922684680678763,1,0,0,1,0,0,1,0,0,1
704,705,0,-0.2675920819991724,1,0,-0.4900045872454856,1,0,0,0,1,0,1,0,0,1
705,706,0,0.686194785689983,0,0,-0.12484966611715337,1,0,0,0,1,0,1,0,1,0
706,707,1,1.1264041092388242,0,0,-0.3763919797161213,1,0,0,0,1,1,0,0,1,0
707,708,1,0.9062994474644036,0,0,-0.11906419290437707,0,1,0,0,1,0,1,1,0,0
708,709,1,-0.5610649643650664,0,0,2.401641331670881,1,0,0,0,1,1,0,1,0,0
709,710,1,-0.9205754116875409,1,1,-0.34126057402963506,1,0,1,0,0,0,1,0,0,1
710,711,1,-0.4143285231821194,0,0,0.34813440166627563,0,1,1,0,0,1,0,1,0,0
711,712,0,1.485865051641255,0,0,-0.11378180431879875,0,1,0,0,1,0,1,1,0,0
712,713,1,1.3465087710132446,1,0,0.39835834616870003,0,1,0,0,1,0,1,1,0,0
713,714,0,-0.047487420224751886,0,0,-0.4572215805987593,1,0,0,0,1,0,1,0,0,1
714,715,0,1.6399816533791385,0,0,-0.38645367226008004,1,0,0,0,1,0,1,0,1,0
715,716,0,-0.7811696261394868,0,0,-0.49411378248043836,0,1,0,0,1,0,1,0,0,1
716,717,1,0.6128265650985096,0,0,3.930515513725408,0,1,1,0,0,1,0,1,0,0
717,718,1,-0.19422386140769887,0,0,-0.43676213497987365,0,1,0,0,1,1,0,0,1,0
718,719,0,-0.17156233233703258,0,0,-0.3361452095402864,1,0,0,1,0,0,1,0,0,1
719,720,0,0.2459854621411421,0,0,-0.4915983593444487,1,0,0,0,1,0,1,0,0,1
720,721,1,-1.7349564938286424,0,1,0.016014029498268696,1,0,0,0,1,1,0,0,1,0
721,722,0,-0.9279060673224339,1,0,-0.5061032953158195,1,0,0,0,1,0,1,0,0,1
722,723,0,0.3193536827326156,0,0,-0.38645367226008004,1,0,0,0,1,0,1,0,1,0
723,724,0,1.4932452121961917,0,0,-0.38645367226008004,1,0,0,0,1,0,1,0,1,0
724,725,1,-0.19422386140769887,1,0,0.4204940697654092,0,1,0,0,1,0,1,1,0,0
725,726,0,-0.7078014055480134,0,0,-0.4737388550789219,1,0,0,0,1,0,1,0,0,1
726,727,1,0.025880800366721614,3,0,-0.22546659155674054,1,0,0,0,1,1,0,0,1,0
727,728,1,-0.7154624324773109,0,0,-0.49235298628524554,1,0,0,1,0,1,0,0,0,1
728,729,0,-0.34096030259064586,1,0,-0.12484966611715337,1,0,0,0,1,0,1,0,1,0
729,730,0,-0.34096030259064586,1,0,-0.48857985158126105,1,0,0,0,1,1,0,0,0,1
730,731,1,-0.047487420224751886,0,0,3.6047682176147444,0,1,0,0,1,1,0,1,0,0
731,732,0,-1.3681153908712749,0,0,-0.26998958106375787,1,0,1,0,0,0,1,0,0,1
732,733,0,0.39652366612483475,0,0,-0.6480576784030068,1,0,0,0,1,0,1,0,1,0
733,734,0,-0.4876967437735929,0,0,-0.38645367226008004,1,0,0,0,1,0,1,0,1,0
734,735,0,-0.4876967437735929,0,0,-0.38645367226008004,1,0,0,0,1,0,1,0,1,0
735,736,0,-0.08417153052048863,0,0,-0.32407117848753597,1,0,0,0,1,0,1,0,0,1
736,737,0,1.3465087710132446,1,3,0.043683683994155176,1,0,0,0,1,1,0,0,0,1
737,738,1,0.3927219033240891,0,0,9.661740104981664,0,1,1,0,0,0,1,1,0,0
738,739,0,-0.12472903070018583,0,0,-0.4891674544258282,1,0,0,0,1,0,1,0,0,1
739,740,0,-0.12472903070018583,0,0,-0.4891674544258282,1,0,0,0,1,0,1,0,0,1
740,741,1,0.6441277774580834,0,0,-0.04435612576548362,0,1,0,0,1,0,1,1,0,0
741,742,0,0.4660901239155626,1,0,0.938671235779283,0,1,0,0,1,0,1,1,0,0
742,743,1,-0.6344331849565399,2,2,4.631815484039331,0,1,1,0,0,1,0,1,0,0
743,744,0,-0.4143285231821194,1,0,-0.32407117848753597,1,0,0,0,1,0,1,0,0,1
744,745,1,0.09924902095819511,0,0,-0.48857985158126105,1,0,0,0,1,0,1,0,0,1
745,746,0,2.9606096240256616,1,1,0.7807026628391313,0,1,0,0,1,0,1,1,0,0
746,747,0,-1.0012742879139074,1,1,-0.24055913037267862,1,0,0,0,1,0,1,0,0,1
747,748,1,0.025880800366721614,0,0,-0.38645367226008004,1,0,0,0,1,1,0,0,1,0
748,749,0,-0.7811696261394868,1,0,0.4204940697654092,0,1,0,0,1,0,1,1,0,0
749,750,0,0.09924902095819511,0,0,-0.49210144397164657,1,0,0,1,0,0,1,0,0,1
750,751,1,-1.8816929350115894,1,1,-0.18521982138090567,1,0,0,0,1,1,0,0,1,0
751,752,1,-1.7349564938286424,0,1,-0.39701844943123665,0,1,0,0,1,0,1,0,0,1
752,753,0,0.2459854621411421,0,0,-0.4568855200677911,1,0,0,0,1,0,1,0,0,1
753,754,0,-0.4876967437735929,0,0,-0.4891674544258282,1,0,0,0,1,0,1,0,0,1
754,755,1,1.3465087710132446,1,2,0.6599623523116267,1,0,0,0,1,1,0,0,1,0
755,756,1,-2.126009109581196,1,1,-0.35626859462820387,1,0,0,0,1,0,1,0,1,0
756,757,0,-0.12085564081622538,0,0,-0.49117979293462,1,0,0,0,1,0,1,0,0,1
757,758,0,-0.8545378467309603,0,0,-0.4166387498919562,1,0,0,0,1,0,1,0,1,0
758,759,0,0.3193536827326156,0,0,-0.48606442844527137,1,0,0,0,1,0,1,0,0,1
759,760,1,0.2459854621411421,0,0,1.0926151317018515,0,1,0,0,1,1,0,1,0,0
760,761,0,-0.3901010921033581,0,0,-0.35626859462820387,1,0,0,0,1,0,1,0,0,1
761,762,0,0.8329312268729301,0,0,-0.504678559651595,1,0,0,0,1,0,1,0,0,1
762,763,1,-0.7078014055480134,0,0,-0.502581702925434,1,0,1,0,0,0,1,0,0,1
763,764,1,0.4660901239155626,1,2,1.7667485321470857,0,1,0,0,1,1,0,1,0,0
764,765,0,-1.0012742879139074,0,0,-0.4915983593444487,1,0,0,0,1,0,1,0,0,1
765,766,1,1.566613432787665,1,0,0.9207272132963871,0,1,0,0,1,1,0,1,0,0
766,767,0,0.699027062157673,0,0,0.1488283710785238,1,0,1,0,0,0,1,1,0,0
767,768,0,0.06256491066245837,0,0,-0.49210144397164657,1,0,0,1,0,1,0,0,0,1
768,769,0,0.28642425781564607,1,0,-0.16207792852980066,1,0,0,1,0,0,1,0,0,1
769,770,0,0.17261724154966862,0,0,-0.47977587060529714,1,0,0,0,1,0,1,0,0,1
770,771,0,-0.4143285231821194,0,0,-0.4568855200677911,1,0,0,0,1,0,1,0,0,1
771,772,0,1.3465087710132446,0,0,-0.4900045872454856,1,0,0,0,1,0,1,0,0,1
772,773,0,2.006822756336506,0,0,-0.43676213497987365,0,1,0,0,1,1,0,0,1,0
773,774,0,-0.00946763104897994,0,0,-0.5026662211428032,1,0,1,0,0,0,1,0,0,1
774,775,1,1.7867180945620855,1,3,-0.18521982138090567,1,0,0,0,1,1,0,0,1,0
775,776,0,-0.8545378467309603,0,0,-0.49210144397164657,1,0,0,0,1,0,1,0,0,1
776,777,0,0.41442600575116434,0,0,-0.49210144397164657,0,1,0,1,0,0,1,0,0,1
777,778,1,-1.8083247144201158,0,0,-0.39701844943123665,1,0,0,0,1,1,0,0,0,1
778,779,0,-0.7154624324773109,0,0,-0.49235298628524554,1,0,0,1,0,0,1,0,0,1
779,780,1,0.9796676680558771,0,1,3.6047682176147444,0,1,0,0,1,1,0,1,0,0
780,781,1,-1.2213789496883278,0,0,-0.502581702925434,1,0,1,0,0,1,0,0,0,1
781,782,1,-0.9279060673224339,1,0,0.4989752716082872,0,1,0,0,1,1,0,1,0,0
782,783,0,-0.047487420224751886,0,0,-0.04435612576548362,0,1,0,0,1,0,1,1,0,0
783,784,0,-0.987044506973004,1,2,-0.17616429809134285,1,0,0,0,1,0,1,0,0,1
784,785,0,-0.34096030259064586,0,0,-0.5061878135331888,1,0,0,0,1,0,1,0,0,1
785,786,0,-0.34096030259064586,0,0,-0.5021631365156053,1,0,0,0,1,0,1,0,0,1
786,787,1,-0.8545378467309603,0,0,-0.4972168084609952,1,0,0,0,1,1,0,0,0,1
787,788,0,-1.5882200526456953,4,1,-0.061964087717411374,1,0,0,1,0,0,1,0,0,1
788,789,1,-2.10179759678601,1,2,-0.23401903021910547,1,0,0,0,1,0,1,0,0,1
789,790,0,1.1997723298302976,0,0,0.9457144205600544,0,1,1,0,0,0,1,1,0,0
790,791,0,0.41442600575116434,0,0,-0.49210144397164657,1,0,0,1,0,0,1,0,0,1
791,792,0,-1.0012742879139074,0,0,-0.12484966611715337,1,0,0,0,1,0,1,0,1,0
792,793,0,-1.3776630207016896,8,2,0.751523754461651,1,0,0,0,1,1,0,0,0,1
793,794,0,1.5213660971610168,0,0,-0.03035427442131069,1,0,1,0,0,0,1,1,0,0
794,795,0,-0.34096030259064586,0,0,-0.4891674544258282,1,0,0,0,1,0,1,0,0,1
795,796,0,0.686194785689983,0,0,-0.38645367226008004,1,0,0,0,1,0,1,0,1,0
796,797,1,1.419876991604718,0,0,-0.1262744017813779,0,1,0,0,1,1,0,1,0,0
797,798,1,0.09924902095819511,0,0,-0.47332028866909326,1,0,0,0,1,1,0,0,0,1
798,799,0,0.025880800366721614,0,0,-0.502581702925434,1,0,1,0,0,0,1,0,0,1
799,800,0,0.025880800366721614,1,1,-0.16207792852980066,1,0,0,0,1,1,0,0,0,1
800,801,0,0.3193536827326156,0,0,-0.38645367226008004,1,0,0,0,1,0,1,0,1,0
801,802,1,0.09924902095819511,1,1,-0.11981881984517401,1,0,0,0,1,1,0,0,1,0
802,803,1,-1.3681153908712749,1,2,1.7667485321470857,0,1,0,0,1,0,1,1,0,0
803,804,1,-2.1443511647290645,0,1,-0.4766728446247403,1,0,1,0,0,0,1,0,0,1
804,805,1,-0.19422386140769887,0,0,-0.5076970674147826,1,0,0,0,1,0,1,0,0,1
805,806,0,0.09924902095819511,0,0,-0.4915983593444487,1,0,0,0,1,0,1,0,0,1
806,807,0,0.686194785689983,0,0,-0.6480576784030068,0,1,0,0,1,0,1,1,0,0
807,808,0,-0.8545378467309603,0,0,-0.4915983593444487,1,0,0,0,1,1,0,0,0,1
808,809,0,0.686194785689983,0,0,-0.38645367226008004,1,0,0,0,1,0,1,0,1,0
809,810,1,0.2459854621411421,1,0,0.4204940697654092,0,1,0,0,1,1,0,1,0,0
810,811,0,-0.2675920819991724,0,0,-0.48933447852205797,1,0,0,0,1,0,1,0,0,1
811,812,0,0.686194785689983,0,0,-0.16207792852980066,1,0,0,0,1,0,1,0,0,1
812,813,0,0.3927219033240891,0,0,-0.43676213497987365,1,0,0,0,1,0,1,0,1,0
813,814,0,-1.7349564938286424,4,2,-0.01869880977838891,1,0,0,0,1,1,0,0,0,1
814,815,0,0.06256491066245837,0,0,-0.48606442844527137,1,0,0,0,1,0,1,0,0,1
815,816,0,0.6740725095323299,0,0,-0.6480576784030068,0,1,0,0,1,0,1,1,0,0
816,817,0,-0.4876967437735929,0,0,-0.48857985158126105,1,0,0,0,1,1,0,0,0,1
817,818,0,0.09924902095819511,1,1,0.09659208806730764,1,0,1,0,0,0,1,0,1,0
818,819,0,0.9796676680558771,0,0,-0.5182618445859393,1,0,0,0,1,0,1,0,0,1
819,820,0,-1.4414836114627483,3,2,-0.08661523445011025,1,0,0,0,1,0,1,0,0,1
820,821,1,1.6399816533791385,1,1,1.2334788273172737,0,1,0,0,1,1,0,1,0,0
821,822,1,-0.19422386140769887,0,0,-0.4737388550789219,1,0,0,0,1,0,1,0,0,1
822,823,0,0.6128265650985096,0,0,-0.6480576784030068,1,0,0,0,1,0,1,1,0,0
823,824,1,-0.19422386140769887,0,1,-0.39701844943123665,0,1,0,0,1,1,0,0,0,1
824,825,0,-2.0284293761945364,4,1,0.15058916727371655,1,0,0,0,1,0,1,0,0,1
825,826,0,0.3999031099743979,0,0,-0.5082001520419805,1,0,0,1,0,0,1,0,0,1
826,827,0,-0.005748379808608914,0,0,0.48882906084695926,1,0,0,0,1,0,1,0,0,1
827,828,1,-2.10179759678601,0,2,0.09659208806730764,1,0,1,0,0,0,1,0,1,0
828,829,1,0.41442600575116434,0,0,-0.49210144397164657,1,0,0,1,0,0,1,0,0,1
829,830,1,2.373663859293874,0,0,0.9618131286303883,0,1,0,0,0,1,0,1,0,0
830,831,1,-1.0746425085053808,1,0,-0.3571902456652305,1,0,1,0,0,1,0,0,0,1
831,832,1,-2.1142701942865605,1,1,-0.2707442080045548,1,0,0,0,1,0,1,0,1,0
832,833,0,-0.4967718892162386,0,0,-0.502581702925434,1,0,1,0,0,0,1,0,0,1
833,834,0,-0.4876967437735929,0,0,-0.4900045872454856,1,0,0,0,1,0,1,0,0,1
834,835,0,-0.8545378467309603,0,0,-0.481033582173292,1,0,0,0,1,0,1,0,0,1
835,836,1,0.686194785689983,1,1,1.0253688157535579,0,1,1,0,0,1,0,1,0,0
836,837,0,-0.6344331849565399,0,0,-0.4737388550789219,1,0,0,0,1,0,1,0,0,1
837,838,0,0.07765871838555102,0,0,-0.48606442844527137,1,0,0,0,1,0,1,0,0,1
838,839,1,0.17261724154966862,0,0,0.48882906084695926,1,0,0,0,1,0,1,0,0,1
839,840,1,1.5600800020076602,0,0,-0.05039314129185886,0,1,1,0,0,0,1,1,0,0
840,841,0,-0.7078014055480134,0,0,-0.48857985158126105,1,0,0,0,1,0,1,0,0,1
841,842,0,-1.0012742879139074,0,0,-0.43676213497987365,1,0,0,0,1,0,1,0,1,0
842,843,1,0.025880800366721614,0,0,-0.024232740677566176,1,0,1,0,0,1,0,1,0,0
843,844,0,0.35603779302835237,0,0,-0.5185133868995382,1,0,1,0,0,0,1,0,0,1
844,845,0,-0.9279060673224339,0,0,-0.4737388550789219,1,0,0,0,1,0,1,0,0,1
845,846,0,0.9062994474644036,0,0,-0.4961261209892301,1,0,0,0,1,0,1,0,0,1
846,847,0,-1.3776630207016896,8,2,0.751523754461651,1,0,0,0,1,0,1,0,0,1
847,848,0,0.3927219033240891,0,0,-0.4891674544258282,1,0,1,0,0,0,1,0,0,1
848,849,0,-0.12085564081622538,0,1,0.016014029498268696,1,0,0,0,1,0,1,0,1,0
849,850,1,1.0504507215461236,1,0,1.1450204511478064,0,1,1,0,0,1,0,1,0,0
850,851,0,-1.8816929350115894,4,2,-0.01869880977838891,1,0,0,0,1,0,1,0,0,1
851,852,0,3.2540825063915557,0,0,-0.4915983593444487,1,0,0,0,1,0,1,0,0,1
852,853,0,-1.514851832054222,1,1,-0.34126057402963506,1,0,1,0,0,1,0,0,0,1
853,854,1,-1.0012742879139074,0,1,0.14480369406094026,0,1,0,0,1,1,0,1,0,0
854,855,0,1.0530358886473505,1,0,-0.12484966611715337,1,0,0,0,1,1,0,0,1,0
855,856,1,-0.8545378467309603,0,1,-0.45990402783097867,1,0,0,0,1,1,0,0,0,1
856,857,1,1.1264041092388242,1,1,2.669618413871151,1,0,0,0,1,1,0,1,0,0
857,858,1,1.566613432787665,0,0,-0.11378180431879875,0,1,0,0,1,0,1,1,0,0
858,859,1,-0.4143285231821194,0,3,-0.26051549136436636,1,0,1,0,0,1,0,0,0,1
859,860,0,-0.4967718892162386,0,0,-0.502581702925434,1,0,1,0,0,0,1,0,0,1
860,861,0,0.8329312268729301,2,0,-0.36415092456714115,1,0,0,0,1,0,1,0,0,1
861,862,0,-0.6344331849565399,1,0,-0.4166387498919562,1,0,0,0,1,0,1,0,1,0
862,863,1,1.3465087710132446,0,0,-0.1262744017813779,0,1,0,0,1,1,0,1,0,0
863,864,0,-1.3776630207016896,8,2,0.751523754461651,1,0,0,0,1,1,0,0,0,1
864,865,0,-0.4143285231821194,0,0,-0.38645367226008004,1,0,0,0,1,0,1,0,1,0
865,866,1,0.9062994474644036,0,0,-0.38645367226008004,1,0,0,0,1,1,0,0,1,0
866,867,1,-0.19422386140769887,1,0,-0.3691817708391205,1,0,1,0,0,1,0,0,1,0
867,868,0,0.09924902095819511,0,0,0.36808875031945465,0,1,0,0,1,0,1,1,0,0
868,869,0,-0.26921431527748974,0,0,-0.4568855200677911,1,0,0,0,1,0,1,0,0,1
869,870,1,-1.8816929350115894,1,1,-0.42401799520369554,1,0,0,0,1,0,1,0,0,1
870,871,0,-0.2675920819991724,0,0,-0.4891674544258282,1,0,0,0,1,0,1,0,0,1
871,872,1,1.273140550421771,1,1,0.40951072618442386,0,1,0,0,1,1,0,1,0,0
872,873,0,0.2459854621411421,0,0,-0.5474407529634195,0,1,0,0,1,0,1,1,0,0
873,874,0,1.273140550421771,0,0,-0.4669472126117498,1,0,0,0,1,0,1,0,0,1
874,875,1,-0.12085564081622538,1,0,-0.16509643629298823,1,0,1,0,0,1,0,0,1,0
875,876,1,-1.0746425085053808,0,0,-0.5026662211428032,1,0,1,0,0,1,0,0,0,1
876,877,0,-0.7078014055480134,0,0,-0.4499268535043892,1,0,0,0,1,0,1,0,0,1
877,878,0,-0.7811696261394868,0,0,-0.4891674544258282,1,0,0,0,1,0,1,0,0,1
878,879,0,-0.12472903070018583,0,0,-0.4891674544258282,1,0,0,0,1,0,1,0,0,1
879,880,1,1.9334545357450326,0,1,1.0253688157535579,0,1,1,0,0,1,0,1,0,0
880,881,1,-0.34096030259064586,0,1,-0.12484966611715337,1,0,0,0,1,1,0,0,1,0
881,882,0,0.2459854621411421,0,0,-0.4891674544258282,1,0,0,0,1,0,1,0,0,1
882,883,0,-0.5610649643650664,0,0,-0.4364260744489054,1,0,0,0,1,1,0,0,0,1
883,884,0,-0.12085564081622538,0,0,-0.43676213497987365,1,0,0,0,1,0,1,0,1,0
884,885,0,-0.34096030259064586,0,0,-0.5061878135331888,1,0,0,0,1,0,1,0,0,1
885,886,0,0.686194785689983,0,5,-0.061964087717411374,1,0,0,1,0,1,0,0,0,1
886,887,0,-0.19422386140769887,0,0,-0.38645367226008004,1,0,0,0,1,0,1,0,1,0
887,888,1,-0.7811696261394868,0,0,-0.04435612576548362,0,1,0,0,1,1,0,1,0,0
888,889,0,-0.987044506973004,1,2,-0.17616429809134285,1,0,0,0,1,1,0,0,0,1
889,890,1,-0.2675920819991724,0,0,-0.04435612576548362,0,1,1,0,0,0,1,1,0,0
890,891,0,0.17261724154966862,0,0,-0.49210144397164657,1,0,0,1,0,0,1,0,0,1
